Specie,Transporter,Target sugar,Description,Status,Source ID (NCBI),Origin
Tildeniella sp.,glucose transporter,glucose,glucose PTS transporter subunit IIA [Tildeniella sp.],🟢 Confirmed,WP_496080560.1,Organism: Tildeniella sp. | Db xref: taxon:3100439
Picocystis salinarum,glucose transporter,glucose,plastidic glucose transporter 4 [Picocystis salinarum],🟢 Confirmed,KAN5726602.1,"Organism: Picocystis salinarum | Strain: CCMP1897 | Db xref: taxon:88271 | Chromosome: 2 | Geo loc name: USA: San Francisco Bay, California | Lat lon: 37.78 N 122.35 W | Collection date: 1999-05-12"
Coccomyxa sp. KJ,glucose transporter,glucose,Plastidic glucose transporter 4 [Coccomyxa sp. KJ],🟢 Confirmed,BHG26217.1,"Organism: Coccomyxa sp. KJ | Strain: KJ | Culture collection: NBRC:FERM BP-22254 | Db xref: taxon:2561882 | Chromosome: 9 | Geo loc name: Japan:Oita, Kokonoe-machi | Collection date: 2001"
Coccomyxa sp. KJ,glucose transporter,glucose,Plastidic glucose transporter 4 [Coccomyxa sp. KJ],🟢 Confirmed,BHG21115.1,"Organism: Coccomyxa sp. KJ | Strain: KJ | Culture collection: NBRC:FERM BP-22254 | Db xref: taxon:2561882 | Chromosome: 2 | Geo loc name: Japan:Oita, Kokonoe-machi | Collection date: 2001"
Prototheca bovis,glucose transporter,glucose,plastidic glucose transporter [Prototheca bovis],🟢 Confirmed,GAB1853334.1,Organism: Prototheca bovis | Strain: P18 | Isolation source: milk | Host: Bos taurus | Db xref: taxon:2509265 | Geo loc name: Japan | Collection date: 2024-02-13
Nannochloropsis oceanica,glucose transporter,glucose,solute carrier family 2 (facilitated glucose transporter) member 13 [Nannochloropsis oceanica],🟢 Confirmed,GAB5034470.1,Organism: Nannochloropsis oceanica | Strain: NIES-2145 | Isolation source: sea water | Db xref: taxon:145522 | Geo loc name: Japan | Collection date: 2012-03
Nannochloropsis oceanica,glucose transporter,glucose,sodium-dependent glucose transporter 1 [Nannochloropsis oceanica],🟢 Confirmed,GAB5035009.1,Organism: Nannochloropsis oceanica | Strain: NIES-2145 | Isolation source: sea water | Db xref: taxon:145522 | Geo loc name: Japan | Collection date: 2012-03
Elainellaceae cyanobacterium,glucose transporter,glucose,MAG: PTS glucose transporter subunit IIBC [Elainellaceae cyanobacterium],🟢 Confirmed,GAB4371357.1,"Organism: Elainellaceae cyanobacterium | Isolate: Kow00121 | Isolation source: iron rich hot spring | Db xref: taxon:3121617 | Environmental sample:  | Geo loc name: Japan:Akita Prefecture, Daisen City, Kowakubi hot spring | Collection date: 2019-09-23 | Metagenome source: hot spring metagenome | Note: metagenomic"
Elainellaceae cyanobacterium,glucose transporter,glucose,MAG: PTS glucose transporter subunit IIBC [Elainellaceae cyanobacterium],🟢 Confirmed,GAB4471002.1,"Organism: Elainellaceae cyanobacterium | Isolate: OHK0037 | Isolation source: iron rich hot spring | Db xref: taxon:3121617 | Environmental sample:  | Geo loc name: Japan:Akita Prefecture, Kazuno District, Kosaka, OkuOkuHachikuro hot spring | Collection date: 2019-09-24 | Metagenome source: hot spring metagenome | Note: metagenomic"
Pycnococcus provasolii,glucose transporter,glucose,plastidic glucose transporter [Pycnococcus provasolii],🟢 Confirmed,XRB01688.1,"Organism: Pycnococcus provasolii | Strain: CCMP1203 | Isolation source: over slope, old WHOI deep water station II | Db xref: taxon:41880 | Chromosome: 12 | Geo loc name: Atlantic Ocean | Lat lon: 38.32 N 69.57 W | Collection date: 1978-01-01"
Pycnococcus provasolii,glucose transporter,glucose,glucose transporter [Pycnococcus provasolii],🟢 Confirmed,XRA99549.1,"Organism: Pycnococcus provasolii | Strain: CCMP1203 | Isolation source: over slope, old WHOI deep water station II | Db xref: taxon:41880 | Chromosome: 07 | Geo loc name: Atlantic Ocean | Lat lon: 38.32 N 69.57 W | Collection date: 1978-01-01"
Chlorella vulgaris,glucose transporter,glucose,Plastidic glucose transporter 4 [Chlorella vulgaris],🟢 Confirmed,KAL4859569.1,Organism: Chlorella vulgaris | Isolate: PKVL7422 | Isolation source: Environment | Db xref: taxon:3077 | Geo loc name: South Korea: Busan | Collection date: 2018-01-01
Chlorella vulgaris,glucose transporter,glucose,Plastidic glucose transporter 4 [Chlorella vulgaris],🟢 Confirmed,KAL4859568.1,Organism: Chlorella vulgaris | Isolate: PKVL7422 | Isolation source: Environment | Db xref: taxon:3077 | Geo loc name: South Korea: Busan | Collection date: 2018-01-01
[Phormidium] sp. LEGE 05292,glucose transporter,glucose,PTS glucose transporter subunit IIBC [[Phormidium] sp. LEGE 05292],🟢 Confirmed,WP_193979857.1,Organism: [Phormidium] sp. LEGE 05292 | Db xref: taxon:767427
[Phormidium ambiguum] IAM M-71,glucose transporter,glucose,PTS glucose transporter subunit IIBC [[Phormidium ambiguum] IAM M-71],🟢 Confirmed,WP_073593559.1,Organism: [Phormidium ambiguum] IAM M-71 | Db xref: taxon:454136
Chloropicon roscoffensis,glucose transporter,glucose,plastidic glucose transporter [Chloropicon roscoffensis],🟢 Confirmed,XKU16768.1,Organism: Chloropicon roscoffensis | Strain: RCC2335 | Db xref: taxon:1461544 | Chromosome: 2 | Geo loc name: Japan: Sagami Bay | Lat lon: 35.22 N 139.62 E | Collection date: 2009-05-04
Chloropicon roscoffensis,glucose transporter,glucose,plastidic glucose transporter [Chloropicon roscoffensis],🟢 Confirmed,XKU07865.1,Organism: Chloropicon roscoffensis | Strain: CCMP1998 | Db xref: taxon:1461544 | Chromosome: 2 | Geo loc name: Atlantic Ocean: Sargasso Sea | Lat lon: 20.7722 N 63.0368 W | Collection date: 1994-02-24
Chloropicon roscoffensis,glucose transporter,glucose,plastidic glucose transporter [Chloropicon roscoffensis],🟢 Confirmed,WZN60049.1,Organism: Chloropicon roscoffensis | Strain: RCC1871 | Isolation source: Roscoff Astan sampling station | Db xref: taxon:1461544 | Chromosome: 02 | Geo loc name: France: English Channel | Lat lon: 48.75 N 3.75 W | Collection date: 2009-02-05
Durusdinium trenchii,glucose transporter,glucose,Sodium/myo-inositol cotransporter 2 (Na(+)/myo-inositol cotransporter 2) (Sodium-dependent glucose cotransporter) (Sodium/glucose cotransporter KST1) (Sodium/myo-inositol transporter 2) (SMIT2) (Solute carrier family 5 member 11) [Durusdinium trenchii],🟢 Confirmed,CAK9001191.1,Organism: Durusdinium trenchii | Db xref: taxon:1381693 | Note: contig: Dtrenchii_SCF082_s134
Durusdinium trenchii,glucose transporter,glucose,Probable glucose transporter rco-3 [Durusdinium trenchii],🟡 Probable/Hypothetical,CAK9036100.1,Organism: Durusdinium trenchii | Db xref: taxon:1381693 | Note: contig: Dtrenchii_SCF082_s238
Durusdinium trenchii,glucose transporter,glucose,Plastidic glucose transporter 4 (AtpGlcT) [Durusdinium trenchii],🟢 Confirmed,CAK9037688.1,Organism: Durusdinium trenchii | Db xref: taxon:1381693 | Note: contig: Dtrenchii_SCF082_s24347
Durusdinium trenchii,glucose transporter,glucose,Probable glucose transporter rco-3 [Durusdinium trenchii],🟡 Probable/Hypothetical,CAK9049106.1,Organism: Durusdinium trenchii | Db xref: taxon:1381693 | Note: contig: Dtrenchii_SCF082_s289
Durusdinium trenchii,glucose transporter,glucose,Plastidic glucose transporter 4 (AtpGlcT) [Durusdinium trenchii],🟢 Confirmed,CAK9068027.1,Organism: Durusdinium trenchii | Db xref: taxon:1381693 | Note: contig: Dtrenchii_SCF082_s3824
Durusdinium trenchii,glucose transporter,glucose,Low-affinity glucose transporter HXT3 [Durusdinium trenchii],🟢 Confirmed,CAK9103668.1,Organism: Durusdinium trenchii | Db xref: taxon:1381693 | Note: contig: Dtrenchii_SCF082_s779
Durusdinium trenchii,glucose transporter,glucose,Low-affinity glucose transporter HXT3 [Durusdinium trenchii],🟢 Confirmed,CAK9103807.1,Organism: Durusdinium trenchii | Db xref: taxon:1381693 | Note: contig: Dtrenchii_SCF082_s780
Durusdinium trenchii,glucose transporter,glucose,Sodium-dependent glucose transporter 1 (Major facilitator superfamily domain-containing protein 4B) [Durusdinium trenchii],🟢 Confirmed,CAK9106420.1,Organism: Durusdinium trenchii | Db xref: taxon:1381693 | Note: contig: Dtrenchii_SCF082_s824
Microchloropsis gaditana,glucose transporter,glucose,sodium-dependent glucose transporter 1 [Microchloropsis gaditana],🟢 Confirmed,XP_005855558.1,Organism: Microchloropsis gaditana | Strain: CCMP526 | Db xref: taxon:72520 | Chromosome: Unknown | Geo loc name: Morocco: Lagune de Oualida in North Atlantic ocean | Lat lon: 32.8333 N 9.00 W | Collection date: 1990
Microchloropsis gaditana,glucose transporter,glucose,solute carrier family 2 (facilitated glucose transporter) member 13 [Microchloropsis gaditana],🟢 Confirmed,XP_005852738.1,Organism: Microchloropsis gaditana | Strain: CCMP526 | Db xref: taxon:72520 | Chromosome: Unknown | Geo loc name: Morocco: Lagune de Oualida in North Atlantic ocean | Lat lon: 32.8333 N 9.00 W | Collection date: 1990
Picochlorum sp. SENEW3,glucose transporter,glucose,Plastidic glucose transporter 4 [Picochlorum sp. SENEW3],🟢 Confirmed,WPT15511.1,"Organism: Picochlorum sp. SENEW3 | Strain: SENEW3 | Isolation source: Poikilohaline permanent pond | Db xref: taxon:1470871 | Chromosome: 05 | Geo loc name: USA: California, San Diego County, San Elijo Lagoon | Lat lon: 33.007332 N 117.273052 W | Collection date: 2012-01-05"
Picochlorum sp. SENEW3,glucose transporter,glucose,Plastidic glucose transporter 4 [Picochlorum sp. SENEW3],🟢 Confirmed,WPT14385.1,"Organism: Picochlorum sp. SENEW3 | Strain: SENEW3 | Isolation source: Poikilohaline permanent pond | Db xref: taxon:1470871 | Chromosome: 03 | Geo loc name: USA: California, San Diego County, San Elijo Lagoon | Lat lon: 33.007332 N 117.273052 W | Collection date: 2012-01-05"
Cymbomonas tetramitiformis,glucose transporter,glucose,Vacuolar glucose transporter 1 [Cymbomonas tetramitiformis],🟢 Confirmed,KAK3282185.1,Organism: Cymbomonas tetramitiformis | Isolate: PLY_AMNH | Isolation source: English Channel | Db xref: taxon:36881 | Geo loc name: United Kingdom: English Channel | Collection date: 1961-06-02
Cymbomonas tetramitiformis,glucose transporter,glucose,Vacuolar glucose transporter 1 [Cymbomonas tetramitiformis],🟢 Confirmed,KAK3277041.1,Organism: Cymbomonas tetramitiformis | Isolate: PLY_AMNH | Isolation source: English Channel | Db xref: taxon:36881 | Geo loc name: United Kingdom: English Channel | Collection date: 1961-06-02
Cymbomonas tetramitiformis,glucose transporter,glucose,Vacuolar glucose transporter 1 [Cymbomonas tetramitiformis],🟢 Confirmed,KAK3266931.1,Organism: Cymbomonas tetramitiformis | Isolate: PLY_AMNH | Isolation source: English Channel | Db xref: taxon:36881 | Geo loc name: United Kingdom: English Channel | Collection date: 1961-06-02
Cymbomonas tetramitiformis,glucose transporter,glucose,Vacuolar glucose transporter 1 [Cymbomonas tetramitiformis],🟢 Confirmed,KAK3239086.1,Organism: Cymbomonas tetramitiformis | Isolate: PLY_AMNH | Isolation source: English Channel | Db xref: taxon:36881 | Geo loc name: United Kingdom: English Channel | Collection date: 1961-06-02
Planktothrix agardhii,glucose transporter,glucose,PTS glucose transporter subunit IIA [Planktothrix agardhii],🟢 Confirmed,WP_310996069.1,Organism: Planktothrix agardhii | Db xref: taxon:1160
Chromochloris zofingiensis,glucose transporter,glucose,glucose transporter [Chromochloris zofingiensis],🟢 Confirmed,WKW83349.1,Organism: Chromochloris zofingiensis | Strain: ATCC 30412 | Culture collection: ATCC:30412 | Db xref: taxon:31302 | Geo loc name: China
unclassified Nostoc,glucose transporter,glucose,MULTISPECIES: PTS glucose transporter subunit IIA [unclassified Nostoc],🟢 Confirmed,WP_292705209.1,Organism: unclassified Nostoc | Db xref: taxon:2593658
Microcystis,glucose transporter,glucose,MULTISPECIES: PTS glucose transporter subunit IIA [Microcystis],🟢 Confirmed,WP_002788764.1,Organism: Microcystis | Db xref: taxon:1125
Synechococcus sp. WH 7803,glucose transporter,glucose,"Sodium:solute symporter family, possible glucose transporter [Synechococcus sp. WH 7803]",🟡 Probable/Hypothetical,CAK24483.1,Organism: Synechococcus sp. WH 7803 | Db xref: taxon:32051 | Note: Genoscope sequence ID : SynWH7803_C95
Mayamaea pseudoterrestris,glucose transporter,glucose,vacuolar glucose transporter 1 [Mayamaea pseudoterrestris],🟢 Confirmed,GKY91386.1,Organism: Mayamaea pseudoterrestris | Strain: NIES-4280 | Type material: type material of Mayamaea pseudoterrestris | Db xref: taxon:2872254 | Geo loc name: USA | Collection date: 1951
Seminavis robusta,glucose transporter,glucose,affinity glucose transporter [Seminavis robusta],🟢 Confirmed,CAB9511160.1,Organism: Seminavis robusta | Strain: D6 | Db xref: taxon:568900 | Note: contig: Sro_contig471
Seminavis robusta,glucose transporter,glucose,"family 2, facilitated glucose transporter member [Seminavis robusta]",🟢 Confirmed,CAB9514104.1,Organism: Seminavis robusta | Strain: D6 | Db xref: taxon:568900 | Note: contig: Sro_contig632
Seminavis robusta,glucose transporter,glucose,affinity glucose transporter [Seminavis robusta],🟢 Confirmed,CAB9515091.1,Organism: Seminavis robusta | Strain: D6 | Db xref: taxon:568900 | Note: contig: Sro_contig693
Seminavis robusta,glucose transporter,glucose,"family 2, facilitated glucose transporter member [Seminavis robusta]",🟢 Confirmed,CAB9524177.1,Organism: Seminavis robusta | Strain: D6 | Db xref: taxon:568900 | Note: contig: Sro_contig1504
Synechococcus sp. CC9605,glucose transporter,glucose,"sodium:solute symporter family, possibly glucose transporter [Synechococcus sp. CC9605]",🟢 Confirmed,ABB35802.1,Organism: Synechococcus sp. CC9605 | Strain: CC9605 | Db xref: taxon:110662
Leptolyngbya iicbica LK,glucose transporter,glucose,PTS glucose transporter subunit IIB [Leptolyngbya iicbica LK],🟢 Confirmed,RZM82738.1,Organism: Leptolyngbya iicbica LK | Strain: LK | Isolation source: marine | Type material: type strain of Leptolyngbya iicbica | Db xref: taxon:2294035 | Geo loc name: India | Collection date: 2013-10
Oscillatoria sp. FACHB-1406,glucose transporter,glucose,PTS glucose transporter subunit IIA [Oscillatoria sp. FACHB-1406],🟢 Confirmed,WP_190713082.1,Organism: Oscillatoria sp. FACHB-1406 | Db xref: taxon:2692846
Planktothrix serta,glucose transporter,glucose,PTS glucose transporter subunit IIA [Planktothrix serta],🟢 Confirmed,WP_083624467.1,Organism: Planktothrix serta | Db xref: taxon:1678310
Spirulina major,glucose transporter,glucose,PTS glucose transporter subunit IIA [Spirulina major],🟢 Confirmed,WP_072620110.1,Organism: Spirulina major | Db xref: taxon:270636
Nannochloris sp. 'desiccata',glucose transporter,glucose,putative Plastidic glucose transporter 4 [Nannochloris sp. 'desiccata'],🟡 Probable/Hypothetical,KAH7618451.1,"Organism: Nannochloris sp. 'desiccata' | Strain: UTEX 2526 | Isolation source: microbial mat | Db xref: taxon:1650286 | Geo loc name: Mexico: Laguna Figueroa, Baja California | Lat lon: 30.644394 N 116.019040 W | Collection date: 1988"
Nannochloris sp. 'desiccata',glucose transporter,glucose,putative Plastidic glucose transporter 4 [Nannochloris sp. 'desiccata'],🟡 Probable/Hypothetical,KAH7618162.1,"Organism: Nannochloris sp. 'desiccata' | Strain: UTEX 2526 | Isolation source: microbial mat | Db xref: taxon:1650286 | Geo loc name: Mexico: Laguna Figueroa, Baja California | Lat lon: 30.644394 N 116.019040 W | Collection date: 1988"
Coccomyxa sp. Obi,glucose transporter,glucose,Plastidic glucose transporter 4 [Coccomyxa sp. Obi],🟢 Confirmed,BDA46904.1,Organism: Coccomyxa sp. Obi | Db xref: taxon:2315456 | Chromosome: 9
Coccomyxa sp. Obi,glucose transporter,glucose,Plastidic glucose transporter 4 [Coccomyxa sp. Obi],🟢 Confirmed,BDA41763.1,Organism: Coccomyxa sp. Obi | Db xref: taxon:2315456 | Chromosome: 2
Kovacikia minuta CCNUW1,glucose transporter,glucose,PTS glucose transporter subunit IIA [Kovacikia minuta CCNUW1],🟢 Confirmed,UBF27376.1,Organism: Kovacikia minuta CCNUW1 | Strain: CCNU0001 | Isolation source: fresh water lake | Type material: reference strain of Kovacikia minuta | Db xref: taxon:2653194 | Geo loc name: China: Wuhan | Collection date: 2015-07
Tribonema minus,glucose transporter,glucose,solute carrier family facilitated glucose transporter member 3 [Tribonema minus],🟢 Confirmed,KAG5190730.1,Organism: Tribonema minus | Isolate: UTEX B ZZ1240 | Isolation source: municipal reclaimed wastewater ponds | Db xref: taxon:303371 | Geo loc name: USA | Lat lon: 35.253760 N 120.671168 W | Collection date: Feb-2016
Tribonema minus,glucose transporter,glucose,"putative solute carrier family, facilitated glucose transporter [Tribonema minus]",🟡 Probable/Hypothetical,KAG5187821.1,Organism: Tribonema minus | Isolate: UTEX B ZZ1240 | Isolation source: municipal reclaimed wastewater ponds | Db xref: taxon:303371 | Geo loc name: USA | Lat lon: 35.253760 N 120.671168 W | Collection date: Feb-2016
Leptolyngbya sp. BL0902,glucose transporter,glucose,PTS glucose transporter subunit IIB [Leptolyngbya sp. BL0902],🟢 Confirmed,QQE66698.1,"Organism: Leptolyngbya sp. BL0902 | Strain: BL0902 | Isolation source: open pond on an algae farm | Db xref: taxon:1115757 | Geo loc name: USA: California, Imperial Valley"
Synechococcus sp. MIT S9220,glucose transporter,glucose,sodium:solute symporter family/ possibly glucose transporter [Synechococcus sp. MIT S9220],🟢 Confirmed,QNJ23859.1,Organism: Synechococcus sp. MIT S9220 | Strain: MIT S9220 | Isolation source: marine environment | Culture collection: RCC:2571 | Db xref: taxon:166309 | Geo loc name: Pacific Ocean | Lat lon: 0.00 N 140.00 W | Collection date: 1992-10-01 | Collected by: Binder B. | Note: genotype: clade CRD1
Synechococcus sp. MIT S9220,glucose transporter,glucose,glucose transporter [Synechococcus sp. MIT S9220],🟢 Confirmed,QNJ23740.1,Organism: Synechococcus sp. MIT S9220 | Strain: MIT S9220 | Isolation source: marine environment | Culture collection: RCC:2571 | Db xref: taxon:166309 | Geo loc name: Pacific Ocean | Lat lon: 0.00 N 140.00 W | Collection date: 1992-10-01 | Collected by: Binder B. | Note: genotype: clade CRD1
Synechococcus sp. WH 8101,glucose transporter,glucose,glucose transporter [Synechococcus sp. WH 8101],🟢 Confirmed,QNI46119.1,Organism: Synechococcus sp. WH 8101 | Strain: WH 8101 | Isolation source: marine environment | Culture collection: RCC:2555 | Db xref: taxon:59932 | Geo loc name: Atlantic Ocean | Lat lon: 41.52 N 70.67 W | Collection date: 1981-01-01 | Collected by: Valois F. | Note: genotype: clade VIII
Synechococcus sp. PROS-9-1,glucose transporter,glucose,sodium:solute symporter family/ possibly glucose transporter [Synechococcus sp. PROS-9-1],🟢 Confirmed,QNJ32635.1,Organism: Synechococcus sp. PROS-9-1 | Strain: PROS-9-1 | Isolation source: marine environment | Culture collection: RCC:328 | Db xref: taxon:1968775 | Geo loc name: Mediterranean Sea | Lat lon: 41.90 N 10.43 E | Collection date: 1999-09-28 | Collected by: Partensky F. | Note: genotype: clade I
Synechococcus sp. PROS-9-1,glucose transporter,glucose,glucose transporter [Synechococcus sp. PROS-9-1],🟢 Confirmed,QNJ32484.1,Organism: Synechococcus sp. PROS-9-1 | Strain: PROS-9-1 | Isolation source: marine environment | Culture collection: RCC:328 | Db xref: taxon:1968775 | Geo loc name: Mediterranean Sea | Lat lon: 41.90 N 10.43 E | Collection date: 1999-09-28 | Collected by: Partensky F. | Note: genotype: clade I
Synechococcus sp. A15-24,glucose transporter,glucose,sodium:solute symporter family/ possibly glucose transporter [Synechococcus sp. A15-24],🟢 Confirmed,QNJ28363.1,Organism: Synechococcus sp. A15-24 | Strain: A15-24 | Isolation source: marine environment | Culture collection: RCC:1087 | Db xref: taxon:1050635 | Geo loc name: Atlantic Ocean | Lat lon: 35.08 N 20.85 W | Collection date: 2004-09-25 | Collected by: Zwirglmaier K. | Note: genotype: clade III
Synechococcus sp. A15-24,glucose transporter,glucose,glucose transporter [Synechococcus sp. A15-24],🟢 Confirmed,QNJ28330.1,Organism: Synechococcus sp. A15-24 | Strain: A15-24 | Isolation source: marine environment | Culture collection: RCC:1087 | Db xref: taxon:1050635 | Geo loc name: Atlantic Ocean | Lat lon: 35.08 N 20.85 W | Collection date: 2004-09-25 | Collected by: Zwirglmaier K. | Note: genotype: clade III
Synechococcus sp. SYN20,glucose transporter,glucose,sodium:solute symporter family/ possibly glucose transporter [Synechococcus sp. SYN20],🟢 Confirmed,QNJ27145.1,Organism: Synechococcus sp. SYN20 | Strain: SYN20 | Isolation source: marine environment | Culture collection: RCC:2035 | Db xref: taxon:1050714 | Geo loc name: North Sea | Lat lon: 60.27 N 5.21 E | Collection date: 2004-06-01 | Collected by: Sanda R.A. | Note: genotype: clade I
Synechococcus sp. SYN20,glucose transporter,glucose,glucose transporter [Synechococcus sp. SYN20],🟢 Confirmed,QNJ27003.1,Organism: Synechococcus sp. SYN20 | Strain: SYN20 | Isolation source: marine environment | Culture collection: RCC:2035 | Db xref: taxon:1050714 | Geo loc name: North Sea | Lat lon: 60.27 N 5.21 E | Collection date: 2004-06-01 | Collected by: Sanda R.A. | Note: genotype: clade I
Synechococcus sp. A18-25c,glucose transporter,glucose,glucose transporter [Synechococcus sp. A18-25c],🟢 Confirmed,QNJ19185.1,Organism: Synechococcus sp. A18-25c | Strain: A18-25c | Isolation source: marine environment | Db xref: taxon:1866938 | Geo loc name: Atlantic Ocean | Lat lon: 27.77 N 37.03 W | Collection date: 2005-06-30 | Note: genotype: clade III
Synechococcus sp. A18-25c,glucose transporter,glucose,sodium:solute symporter family/ possibly glucose transporter [Synechococcus sp. A18-25c],🟢 Confirmed,QNJ19042.1,Organism: Synechococcus sp. A18-25c | Strain: A18-25c | Isolation source: marine environment | Db xref: taxon:1866938 | Geo loc name: Atlantic Ocean | Lat lon: 27.77 N 37.03 W | Collection date: 2005-06-30 | Note: genotype: clade III
Synechococcus sp. A18-40,glucose transporter,glucose,sodium:solute symporter family/ possibly glucose transporter [Synechococcus sp. A18-40],🟢 Confirmed,QNJ16199.1,Organism: Synechococcus sp. A18-40 | Strain: A18-40 | Isolation source: marine environment | Db xref: taxon:1866939 | Geo loc name: Atlantic Ocean | Lat lon: 10.97 N 32.20 W | Collection date: 2005-06-30 | Note: genotype: clade III
Synechococcus sp. A18-40,glucose transporter,glucose,glucose transporter [Synechococcus sp. A18-40],🟢 Confirmed,QNJ16163.1,Organism: Synechococcus sp. A18-40 | Strain: A18-40 | Isolation source: marine environment | Db xref: taxon:1866939 | Geo loc name: Atlantic Ocean | Lat lon: 10.97 N 32.20 W | Collection date: 2005-06-30 | Note: genotype: clade III
Synechococcus sp. A18-46.1,glucose transporter,glucose,sodium:solute symporter family/ possibly glucose transporter [Synechococcus sp. A18-46.1],🟢 Confirmed,QNJ13330.1,Organism: Synechococcus sp. A18-46.1 | Strain: A18-46.1 | Isolation source: marine environment | Db xref: taxon:1866940 | Geo loc name: Atlantic Ocean | Lat lon: 10.97 N 32.20 W | Collection date: 2005-06-30 | Note: genotype: clade III
Synechococcus sp. A18-46.1,glucose transporter,glucose,glucose transporter [Synechococcus sp. A18-46.1],🟢 Confirmed,QNJ13293.1,Organism: Synechococcus sp. A18-46.1 | Strain: A18-46.1 | Isolation source: marine environment | Db xref: taxon:1866940 | Geo loc name: Atlantic Ocean | Lat lon: 10.97 N 32.20 W | Collection date: 2005-06-30 | Note: genotype: clade III
Synechococcus sp. M16.1,glucose transporter,glucose,glucose transporter [Synechococcus sp. M16.1],🟢 Confirmed,QNJ12097.1,"Organism: Synechococcus sp. M16.1 | Strain: M16.1 | Isolation source: marine environment | Culture collection: RCC:791 | Db xref: taxon:1442553 | Geo loc name: Atlantic Ocean | Lat lon: 27.70 N 91.30 W | Collection date: 2004-02-09 | Collected by: Everroad, C | Note: genotype: clade II"
Synechococcus sp. M16.1,glucose transporter,glucose,sodium:solute symporter family/ possibly glucose transporter [Synechococcus sp. M16.1],🟢 Confirmed,QNJ12067.1,"Organism: Synechococcus sp. M16.1 | Strain: M16.1 | Isolation source: marine environment | Culture collection: RCC:791 | Db xref: taxon:1442553 | Geo loc name: Atlantic Ocean | Lat lon: 27.70 N 91.30 W | Collection date: 2004-02-09 | Collected by: Everroad, C | Note: genotype: clade II"
Synechococcus sp. Minos11,glucose transporter,glucose,sodium:solute symporter family/ possibly glucose transporter [Synechococcus sp. Minos11],🟢 Confirmed,QNJ09552.1,Organism: Synechococcus sp. Minos11 | Strain: MINOS11 | Isolation source: marine environment | Culture collection: RCC:2319 | Db xref: taxon:221341 | Geo loc name: Mediterranean Sea | Lat lon: 34.00 N 18.00 E | Collection date: 1996-06-19 | Collected by: Vaulot D. | Note: genotype: subcluster 5.3
Synechococcus sp. Minos11,glucose transporter,glucose,glucose transporter [Synechococcus sp. Minos11],🟢 Confirmed,QNJ07989.1,Organism: Synechococcus sp. Minos11 | Strain: MINOS11 | Isolation source: marine environment | Culture collection: RCC:2319 | Db xref: taxon:221341 | Geo loc name: Mediterranean Sea | Lat lon: 34.00 N 18.00 E | Collection date: 1996-06-19 | Collected by: Vaulot D. | Note: genotype: subcluster 5.3
Synechococcus sp. MEDNS5,glucose transporter,glucose,sodium:solute symporter family/ possibly glucose transporter [Synechococcus sp. MEDNS5],🟢 Confirmed,QNJ06977.1,Organism: Synechococcus sp. MEDNS5 | Strain: MEDNS5 | Isolation source: marine environment | Culture collection: RCC:2368 | Db xref: taxon:1442554 | Geo loc name: Mediterranean Sea | Lat lon: 41.00 N 6.00 E | Collection date: 1993-07-01 | Collected by: Simon N. | Note: genotype: clade VII
Synechococcus sp. MEDNS5,glucose transporter,glucose,glucose transporter [Synechococcus sp. MEDNS5],🟢 Confirmed,QNJ06826.1,Organism: Synechococcus sp. MEDNS5 | Strain: MEDNS5 | Isolation source: marine environment | Culture collection: RCC:2368 | Db xref: taxon:1442554 | Geo loc name: Mediterranean Sea | Lat lon: 41.00 N 6.00 E | Collection date: 1993-07-01 | Collected by: Simon N. | Note: genotype: clade VII
Synechococcus sp. PROS-U-1,glucose transporter,glucose,glucose transporter [Synechococcus sp. PROS-U-1],🟢 Confirmed,QNJ04118.1,Organism: Synechococcus sp. PROS-U-1 | Strain: PROS-U-1 | Isolation source: marine environment | Culture collection: RCC:2369 | Db xref: taxon:1400866 | Geo loc name: Atlantic Ocean | Lat lon: 30.13 N 10.05 W | Collection date: 1999-09-12 | Collected by: Partensky F. | Note: genotype: clade II
Synechococcus sp. PROS-U-1,glucose transporter,glucose,sodium:solute symporter family/ possibly glucose transporter [Synechococcus sp. PROS-U-1],🟢 Confirmed,QNJ04072.1,Organism: Synechococcus sp. PROS-U-1 | Strain: PROS-U-1 | Isolation source: marine environment | Culture collection: RCC:2369 | Db xref: taxon:1400866 | Geo loc name: Atlantic Ocean | Lat lon: 30.13 N 10.05 W | Collection date: 1999-09-12 | Collected by: Partensky F. | Note: genotype: clade II
Synechococcus sp. A15-62,glucose transporter,glucose,glucose transporter [Synechococcus sp. A15-62],🟢 Confirmed,QNJ01062.1,Organism: Synechococcus sp. A15-62 | Strain: A15-62 | Isolation source: marine environment | Culture collection: RCC:2374 | Db xref: taxon:1050657 | Geo loc name: Atlantic Ocean | Lat lon: 17.62 N 20.95 W | Collection date: 2004-10-04 | Collected by: Zwirglmaier K. | Note: genotype: clade II
Synechococcus sp. A15-62,glucose transporter,glucose,sodium:solute symporter family/ possibly glucose transporter [Synechococcus sp. A15-62],🟢 Confirmed,QNJ01026.1,Organism: Synechococcus sp. A15-62 | Strain: A15-62 | Isolation source: marine environment | Culture collection: RCC:2374 | Db xref: taxon:1050657 | Geo loc name: Atlantic Ocean | Lat lon: 17.62 N 20.95 W | Collection date: 2004-10-04 | Collected by: Zwirglmaier K. | Note: genotype: clade II
Synechococcus sp. RS9902,glucose transporter,glucose,sodium:solute symporter family/ possibly glucose transporter [Synechococcus sp. RS9902],🟢 Confirmed,QNI96728.1,Organism: Synechococcus sp. RS9902 | Strain: RS9902 | Isolation source: marine environment | Culture collection: RCC:2376 | Db xref: taxon:221345 | Geo loc name: Indian Ocean | Lat lon: 29.47 N 34.92 E | Collection date: 1999-03-29 | Collected by: Fuller N. | Note: genotype: clade II
Synechococcus sp. RS9902,glucose transporter,glucose,glucose transporter [Synechococcus sp. RS9902],🟢 Confirmed,QNI96695.1,Organism: Synechococcus sp. RS9902 | Strain: RS9902 | Isolation source: marine environment | Culture collection: RCC:2376 | Db xref: taxon:221345 | Geo loc name: Indian Ocean | Lat lon: 29.47 N 34.92 E | Collection date: 1999-03-29 | Collected by: Fuller N. | Note: genotype: clade II
Synechococcus sp. A15-127,glucose transporter,glucose,glucose transporter [Synechococcus sp. A15-127],🟢 Confirmed,QNI95284.1,Organism: Synechococcus sp. A15-127 | Strain: A15-127 | Isolation source: marine environment | Culture collection: RCC:2378 | Db xref: taxon:1050624 | Geo loc name: Atlantic Ocean | Lat lon: 31.12 S 3.92 W | Collection date: 2004-10-22 | Collected by: Zwirglmaier K. | Note: genotype: clade WPC1
Synechococcus sp. A15-127,glucose transporter,glucose,sodium:solute symporter family/ possibly glucose transporter [Synechococcus sp. A15-127],🟢 Confirmed,QNI95217.1,Organism: Synechococcus sp. A15-127 | Strain: A15-127 | Isolation source: marine environment | Culture collection: RCC:2378 | Db xref: taxon:1050624 | Geo loc name: Atlantic Ocean | Lat lon: 31.12 S 3.92 W | Collection date: 2004-10-22 | Collected by: Zwirglmaier K. | Note: genotype: clade WPC1
Synechococcus sp. BOUM118,glucose transporter,glucose,sodium:solute symporter family/ possibly glucose transporter [Synechococcus sp. BOUM118],🟢 Confirmed,QNI91024.1,Organism: Synechococcus sp. BOUM118 | Strain: BOUM118 | Isolation source: marine environment | Culture collection: RCC:2379 | Db xref: taxon:1442552 | Geo loc name: Mediterranean Sea | Lat lon: 33.63 N 32.63 E | Collection date: 2008-10-01 | Collected by: Garczarek L. | Note: genotype: clade III
Synechococcus sp. BOUM118,glucose transporter,glucose,glucose transporter [Synechococcus sp. BOUM118],🟢 Confirmed,QNI90975.1,Organism: Synechococcus sp. BOUM118 | Strain: BOUM118 | Isolation source: marine environment | Culture collection: RCC:2379 | Db xref: taxon:1442552 | Geo loc name: Mediterranean Sea | Lat lon: 33.63 N 32.63 E | Collection date: 2008-10-01 | Collected by: Garczarek L. | Note: genotype: clade III
Synechococcus sp. ROS8604,glucose transporter,glucose,sodium:solute symporter family/ possibly glucose transporter [Synechococcus sp. ROS8604],🟢 Confirmed,QNI89747.1,"Organism: Synechococcus sp. ROS8604 | Strain: ROS8604 | Isolation source: marine environment | Culture collection: RCC:2380 | Db xref: taxon:1442557 | Geo loc name: Atlantic Ocean | Lat lon: 48.73 N 3.98 W | Collection date: 1986-11-24 | Collected by: Vaulot D., Courties C. | Note: genotype: clade I"
Synechococcus sp. ROS8604,glucose transporter,glucose,glucose transporter [Synechococcus sp. ROS8604],🟢 Confirmed,QNI89575.1,"Organism: Synechococcus sp. ROS8604 | Strain: ROS8604 | Isolation source: marine environment | Culture collection: RCC:2380 | Db xref: taxon:1442557 | Geo loc name: Atlantic Ocean | Lat lon: 48.73 N 3.98 W | Collection date: 1986-11-24 | Collected by: Vaulot D., Courties C. | Note: genotype: clade I"
Synechococcus sp. PROS-7-1,glucose transporter,glucose,glucose transporter [Synechococcus sp. PROS-7-1],🟢 Confirmed,QNI85977.1,Organism: Synechococcus sp. PROS-7-1 | Strain: PROS-7-1 | Isolation source: marine environment | Culture collection: RCC:2381 | Db xref: taxon:1442556 | Geo loc name: Mediterranean Sea | Lat lon: 37.40 N 15.62 E | Collection date: 1999-09-26 | Collected by: Partensky F. | Note: genotype: clade VI
Synechococcus sp. RS9907,glucose transporter,glucose,glucose transporter [Synechococcus sp. RS9907],🟢 Confirmed,QNI83177.1,Organism: Synechococcus sp. RS9907 | Strain: RS9907 | Isolation source: marine environment | Culture collection: RCC:2382 | Db xref: taxon:221350 | Geo loc name: Indian Ocean | Lat lon: 29.47 N 34.92 E | Collection date: 1999-08-23 | Collected by: Fuller N. | Note: genotype: clade II
Synechococcus sp. RS9907,glucose transporter,glucose,sodium:solute symporter family/ possibly glucose transporter [Synechococcus sp. RS9907],🟢 Confirmed,QNI83135.1,Organism: Synechococcus sp. RS9907 | Strain: RS9907 | Isolation source: marine environment | Culture collection: RCC:2382 | Db xref: taxon:221350 | Geo loc name: Indian Ocean | Lat lon: 29.47 N 34.92 E | Collection date: 1999-08-23 | Collected by: Fuller N. | Note: genotype: clade II
Synechococcus sp. RS9909,glucose transporter,glucose,glucose transporter [Synechococcus sp. RS9909],🟢 Confirmed,QNI80222.1,Organism: Synechococcus sp. RS9909 | Strain: RS9909 | Isolation source: marine environment | Culture collection: RCC:2383 | Db xref: taxon:221352 | Geo loc name: Indian Ocean | Lat lon: 29.47 N 34.92 E | Collection date: 1999-09-07 | Collected by: Fuller N. | Note: genotype: clade VIII
Synechococcus sp. MVIR-18-1,glucose transporter,glucose,sodium:solute symporter family/ possibly glucose transporter [Synechococcus sp. MVIR-18-1],🟢 Confirmed,QNI77477.1,"Organism: Synechococcus sp. MVIR-18-1 | Strain: MVIR-18-1 | Isolation source: marine environment | Culture collection: RCC:2385 | Db xref: taxon:1386941 | Geo loc name: North Sea | Lat lon: 61.00 N 1.98 E | Collection date: 2007-07-23 | Collected by: Foulon E., Masquelier S. | Note: genotype: clade I"
Synechococcus sp. MVIR-18-1,glucose transporter,glucose,glucose transporter [Synechococcus sp. MVIR-18-1],🟢 Confirmed,QNI77254.1,"Organism: Synechococcus sp. MVIR-18-1 | Strain: MVIR-18-1 | Isolation source: marine environment | Culture collection: RCC:2385 | Db xref: taxon:1386941 | Geo loc name: North Sea | Lat lon: 61.00 N 1.98 E | Collection date: 2007-07-23 | Collected by: Foulon E., Masquelier S. | Note: genotype: clade I"
Synechococcus sp. NOUM97013,glucose transporter,glucose,sodium:solute symporter family/ possibly glucose transporter [Synechococcus sp. NOUM97013],🟢 Confirmed,QNI74459.1,"Organism: Synechococcus sp. NOUM97013 | Strain: NOUM97013 | Isolation source: marine environment | Culture collection: RCC:2433 | Db xref: taxon:1442555 | Geo loc name: Pacific Ocean | Lat lon: 22.33 S 166.33 E | Collection date: 1996-11-19 | Collected by: Blanchot J., Boulben S. | Note: genotype: clade VII"
Synechococcus sp. NOUM97013,glucose transporter,glucose,glucose transporter [Synechococcus sp. NOUM97013],🟢 Confirmed,QNI74319.1,"Organism: Synechococcus sp. NOUM97013 | Strain: NOUM97013 | Isolation source: marine environment | Culture collection: RCC:2433 | Db xref: taxon:1442555 | Geo loc name: Pacific Ocean | Lat lon: 22.33 S 166.33 E | Collection date: 1996-11-19 | Collected by: Blanchot J., Boulben S. | Note: genotype: clade VII"
Cyanobium sp. NS01,glucose transporter,glucose,glucose transporter [Cyanobium sp. NS01],🟢 Confirmed,QNI71464.1,Organism: Cyanobium sp. NS01 | Strain: NS01 | Isolation source: marine environment | Culture collection: RCC:2436 | Db xref: taxon:261284 | Geo loc name: North Sea | Collection date: 1899-12-31 | Note: genotype: subcluster 5.2
Cyanobium sp. NS01,glucose transporter,glucose,sodium:solute symporter family/ possibly glucose transporter [Cyanobium sp. NS01],🟢 Confirmed,QNI69761.1,Organism: Cyanobium sp. NS01 | Strain: NS01 | Isolation source: marine environment | Culture collection: RCC:2436 | Db xref: taxon:261284 | Geo loc name: North Sea | Collection date: 1899-12-31 | Note: genotype: subcluster 5.2
Synechococcus sp. BMK-MC-1,glucose transporter,glucose,sodium:solute symporter family/ possibly glucose transporter [Synechococcus sp. BMK-MC-1],🟢 Confirmed,QNI68657.1,Organism: Synechococcus sp. BMK-MC-1 | Strain: BMK-MC-1 | Isolation source: marine environment | Culture collection: RCC:2438 | Db xref: taxon:1442551 | Geo loc name: Mediterranean Sea | Lat lon: 40.80 N 14.25 E | Collection date: 2009-10-13 | Collected by: Siano R. | Note: genotype: clade V
Synechococcus sp. BMK-MC-1,glucose transporter,glucose,glucose transporter [Synechococcus sp. BMK-MC-1],🟢 Confirmed,QNI68522.1,Organism: Synechococcus sp. BMK-MC-1 | Strain: BMK-MC-1 | Isolation source: marine environment | Culture collection: RCC:2438 | Db xref: taxon:1442551 | Geo loc name: Mediterranean Sea | Lat lon: 40.80 N 14.25 E | Collection date: 2009-10-13 | Collected by: Siano R. | Note: genotype: clade V
Synechococcus sp. A15-44,glucose transporter,glucose,glucose transporter [Synechococcus sp. A15-44],🟢 Confirmed,QNI65477.1,Organism: Synechococcus sp. A15-44 | Strain: A15-44 | Isolation source: marine environment | Culture collection: RCC:2527 | Db xref: taxon:1050646 | Geo loc name: Atlantic Ocean | Lat lon: 21.68 N 17.83 W | Collection date: 2004-10-01 | Collected by: Zwirglmaier K. | Note: genotype: clade III
Synechococcus sp. A15-44,glucose transporter,glucose,sodium:solute symporter family/ possibly glucose transporter [Synechococcus sp. A15-44],🟢 Confirmed,QNI65256.1,Organism: Synechococcus sp. A15-44 | Strain: A15-44 | Isolation source: marine environment | Culture collection: RCC:2527 | Db xref: taxon:1050646 | Geo loc name: Atlantic Ocean | Lat lon: 21.68 N 17.83 W | Collection date: 2004-10-01 | Collected by: Zwirglmaier K. | Note: genotype: clade III
Synechococcus sp. TAK9802,glucose transporter,glucose,glucose transporter [Synechococcus sp. TAK9802],🟢 Confirmed,QNI62387.1,"Organism: Synechococcus sp. TAK9802 | Strain: TAK9802 | Isolation source: marine environment | Culture collection: RCC:2528 | Db xref: taxon:1442558 | Geo loc name: Pacific Ocean | Lat lon: 14.50 S 145.33 W | Collection date: 1998-02-06 | Collected by: Le Gall F., Boulben S. | Note: genotype: clade II"
Synechococcus sp. TAK9802,glucose transporter,glucose,sodium:solute symporter family/ possibly glucose transporter [Synechococcus sp. TAK9802],🟢 Confirmed,QNI62356.1,"Organism: Synechococcus sp. TAK9802 | Strain: TAK9802 | Isolation source: marine environment | Culture collection: RCC:2528 | Db xref: taxon:1442558 | Geo loc name: Pacific Ocean | Lat lon: 14.50 S 145.33 W | Collection date: 1998-02-06 | Collected by: Le Gall F., Boulben S. | Note: genotype: clade II"
Synechococcus sp. BIOS-U3-1,glucose transporter,glucose,sodium:solute symporter family/ possibly glucose transporter [Synechococcus sp. BIOS-U3-1],🟢 Confirmed,QNI59724.1,"Organism: Synechococcus sp. BIOS-U3-1 | Strain: BIOS-U3-1 | Isolation source: marine environment | Culture collection: RCC:2533 | Db xref: taxon:1400865 | Geo loc name: Pacific Ocean | Lat lon: 34.00 S 73.37 W | Collection date: 2004-12-06 | Collected by: Garczarek L., Marie D. | Note: genotype: clade CRD1"
Synechococcus sp. BIOS-U3-1,glucose transporter,glucose,glucose transporter [Synechococcus sp. BIOS-U3-1],🟢 Confirmed,QNI59601.1,"Organism: Synechococcus sp. BIOS-U3-1 | Strain: BIOS-U3-1 | Isolation source: marine environment | Culture collection: RCC:2533 | Db xref: taxon:1400865 | Geo loc name: Pacific Ocean | Lat lon: 34.00 S 73.37 W | Collection date: 2004-12-06 | Collected by: Garczarek L., Marie D. | Note: genotype: clade CRD1"
Synechococcus sp. BIOS-E4-1,glucose transporter,glucose,glucose transporter [Synechococcus sp. BIOS-E4-1],🟢 Confirmed,QNI56096.1,"Organism: Synechococcus sp. BIOS-E4-1 | Strain: BIOS-E4-1 | Isolation source: marine environment | Culture collection: RCC:2534 | Db xref: taxon:1400864 | Geo loc name: Pacific Ocean | Lat lon: 31.87 S 91.42 W | Collection date: 2004-11-28 | Collected by: Garczarek L., Marie D. | Note: genotype: clade CRD1"
Synechococcus sp. BIOS-E4-1,glucose transporter,glucose,sodium:solute symporter family/ possibly glucose transporter [Synechococcus sp. BIOS-E4-1],🟢 Confirmed,QNI55972.1,"Organism: Synechococcus sp. BIOS-E4-1 | Strain: BIOS-E4-1 | Isolation source: marine environment | Culture collection: RCC:2534 | Db xref: taxon:1400864 | Geo loc name: Pacific Ocean | Lat lon: 31.87 S 91.42 W | Collection date: 2004-11-28 | Collected by: Garczarek L., Marie D. | Note: genotype: clade CRD1"
Synechococcus sp. RS9915,glucose transporter,glucose,sodium:solute symporter family/ possibly glucose transporter [Synechococcus sp. RS9915],🟢 Confirmed,QNI50405.1,Organism: Synechococcus sp. RS9915 | Strain: RS9915 | Isolation source: marine environment | Culture collection: RCC:2553 | Db xref: taxon:221358 | Geo loc name: Indian Ocean | Lat lon: 29.47 N 34.92 E | Collection date: 1999-10-18 | Collected by: Fuller N. | Note: genotype: clade III
Synechococcus sp. RS9915,glucose transporter,glucose,glucose transporter [Synechococcus sp. RS9915],🟢 Confirmed,QNI50366.1,Organism: Synechococcus sp. RS9915 | Strain: RS9915 | Isolation source: marine environment | Culture collection: RCC:2553 | Db xref: taxon:221358 | Geo loc name: Indian Ocean | Lat lon: 29.47 N 34.92 E | Collection date: 1999-10-18 | Collected by: Fuller N. | Note: genotype: clade III
Synechococcus sp. A15-60,glucose transporter,glucose,glucose transporter [Synechococcus sp. A15-60],🟢 Confirmed,QNI47559.1,Organism: Synechococcus sp. A15-60 | Strain: A15-60 | Isolation source: marine environment | Culture collection: RCC:2554 | Db xref: taxon:1050655 | Geo loc name: Atlantic Ocean | Lat lon: 17.62 N 20.95 W | Collection date: 2004-10-04 | Collected by: Zwirglmaier K. | Note: genotype: clade VII
Synechococcus sp. A15-60,glucose transporter,glucose,sodium:solute symporter family/ possibly glucose transporter [Synechococcus sp. A15-60],🟢 Confirmed,QNI47422.1,Organism: Synechococcus sp. A15-60 | Strain: A15-60 | Isolation source: marine environment | Culture collection: RCC:2554 | Db xref: taxon:1050655 | Geo loc name: Atlantic Ocean | Lat lon: 17.62 N 20.95 W | Collection date: 2004-10-04 | Collected by: Zwirglmaier K. | Note: genotype: clade VII
Synechococcus sp. A15-28,glucose transporter,glucose,sodium:solute symporter family/ possibly glucose transporter [Synechococcus sp. A15-28],🟢 Confirmed,QNI41668.1,Organism: Synechococcus sp. A15-28 | Strain: A15-28 | Isolation source: marine environment | Culture collection: RCC:2556 | Db xref: taxon:1050638 | Geo loc name: Atlantic Ocean | Lat lon: 31.25 N 20.72 W | Collection date: 2004-09-25 | Collected by: Zwirglmaier K. | Note: genotype: clade III
Synechococcus sp. A15-28,glucose transporter,glucose,glucose transporter [Synechococcus sp. A15-28],🟢 Confirmed,QNI41632.1,Organism: Synechococcus sp. A15-28 | Strain: A15-28 | Isolation source: marine environment | Culture collection: RCC:2556 | Db xref: taxon:1050638 | Geo loc name: Atlantic Ocean | Lat lon: 31.25 N 20.72 W | Collection date: 2004-09-25 | Collected by: Zwirglmaier K. | Note: genotype: clade III
Trebouxia sp. A1-2,glucose transporter,glucose,MAG: plastidic glucose transporter 4-like [Trebouxia sp. A1-2],🟡 Probable/Hypothetical,KAA6427963.1,Organism: Trebouxia sp. A1-2 | Isolate: A1-2 | Isolation source: combination of lichen samples collected in Germany and Italy in 2013 and 2014. | Db xref: taxon:2608996 | Environmental sample:  | Metagenome source: lichen metagenome | Note: metagenomic
Trebouxia sp. A1-2,glucose transporter,glucose,MAG: glucose transporter [Trebouxia sp. A1-2],🟢 Confirmed,KAA6424305.1,Organism: Trebouxia sp. A1-2 | Isolate: A1-2 | Isolation source: combination of lichen samples collected in Germany and Italy in 2013 and 2014. | Db xref: taxon:2608996 | Environmental sample:  | Metagenome source: lichen metagenome | Note: metagenomic
Fistulifera solaris,glucose transporter,glucose,"MFS transporter, SP family, solute carrier family 2 (facilitated glucose transporter), member 2 [Fistulifera solaris]",🟢 Confirmed,GAX17596.1,Organism: Fistulifera solaris | Strain: JPCC DA0580 | Type material: culture from holotype of Fistulifera solaris | Db xref: taxon:1519565 | Chromosome: 18' | Note: contig: scaffold00118
Fistulifera solaris,glucose transporter,glucose,"MFS transporter, SP family, solute carrier family 2 (facilitated glucose transporter), member 2 [Fistulifera solaris]",🟢 Confirmed,GAX26136.1,Organism: Fistulifera solaris | Strain: JPCC DA0580 | Type material: culture from holotype of Fistulifera solaris | Db xref: taxon:1519565 | Chromosome: 18 | Note: contig: scaffold00240
Leptolyngbya sp.,glucose transporter,glucose,MAG: PTS glucose transporter subunit IIB [Leptolyngbya sp.],🟢 Confirmed,PZU94451.1,Organism: Leptolyngbya sp. | Isolate: ULC186bin1 | Isolation source: microbial mat ULC186 | Db xref: taxon:47254 | Environmental sample:  | Geo loc name: Belgium | Lat lon: 50.70223 N 4.498938 E | Collection date: 2011/2014 | Metagenome source: microbial mat metagenome | Note: metagenomic
Raphidocelis subcapitata,glucose transporter,glucose,plastidic glucose transporter [Raphidocelis subcapitata],🟢 Confirmed,GBF88998.1,Organism: Raphidocelis subcapitata | Strain: NIES-35 | Culture collection: NIES:35 | Db xref: taxon:307507 | Note: scaffold: scaffold_7
Raphidocelis subcapitata,glucose transporter,glucose,plastidic glucose transporter [Raphidocelis subcapitata],🟢 Confirmed,GBF90824.1,Organism: Raphidocelis subcapitata | Strain: NIES-35 | Culture collection: NIES:35 | Db xref: taxon:307507 | Note: scaffold: scaffold_20
Synechocystis sp. IPPAS B-1465,glucose transporter,glucose,glucose transporter [Synechocystis sp. IPPAS B-1465],🟢 Confirmed,AVP90191.1,Organism: Synechocystis sp. IPPAS B-1465 | Strain: IPPAS B-1465 | Isolation source: Synechocystis sp. GT-L | Db xref: taxon:2116702 | Geo loc name: Russia | Collection date: 2004
Aphanothece hegewaldii CCALA 016,glucose transporter,glucose,PTS glucose transporter subunit IIB [Aphanothece hegewaldii CCALA 016],🟢 Confirmed,PSF35203.1,Organism: Aphanothece hegewaldii CCALA 016 | Strain: CCALA 016 | Isolation source: freshwater lake | Db xref: taxon:2107694 | Geo loc name: India: lake in Moyar | Lat lon: 11.57 N 76.93 E | Collection date: 1982
Micractinium conductrix,glucose transporter,glucose,Plastidic glucose transporter 4 [Micractinium conductrix],🟢 Confirmed,PSC75514.1,Organism: Micractinium conductrix | Strain: SAG 241.80 | Host: Paramecium bursaria | Db xref: taxon:554055 | Geo loc name: Germany: Pond Bot Gard Univ Gottingen | Collection date: 1974 | Collected by: W. Koch
Micractinium conductrix,glucose transporter,glucose,plastidic glucose transporter 4-like isoform [Micractinium conductrix],🟡 Probable/Hypothetical,PSC75287.1,Organism: Micractinium conductrix | Strain: SAG 241.80 | Host: Paramecium bursaria | Db xref: taxon:554055 | Geo loc name: Germany: Pond Bot Gard Univ Gottingen | Collection date: 1974 | Collected by: W. Koch
Micractinium conductrix,glucose transporter,glucose,glucose transporter [Micractinium conductrix],🟢 Confirmed,PSC74729.1,Organism: Micractinium conductrix | Strain: SAG 241.80 | Host: Paramecium bursaria | Db xref: taxon:554055 | Geo loc name: Germany: Pond Bot Gard Univ Gottingen | Collection date: 1974 | Collected by: W. Koch
Stenomitos frigidus ULC18,glucose transporter,glucose,PTS glucose transporter subunit IIB [Stenomitos frigidus ULC18],🟢 Confirmed,PSB30061.1,"Organism: Stenomitos frigidus ULC18 | Strain: ULC18 | Isolation source: freshwater lake | Db xref: taxon:2107698 | Geo loc name: Antarctica: Larsemann Hills, Lake 53 | Lat lon: 69.40 S 76.38 E | Collection date: 2006"
Chlorella sorokiniana,glucose transporter,glucose,Plastidic glucose transporter 4 [Chlorella sorokiniana],🟢 Confirmed,PRW58607.1,Organism: Chlorella sorokiniana | Strain: 1602 | Db xref: taxon:3076 | Geo loc name: USA | Collection date: 1967
Chlorella sorokiniana,glucose transporter,glucose,plastidic glucose transporter [Chlorella sorokiniana],🟢 Confirmed,PRW58467.1,Organism: Chlorella sorokiniana | Strain: 1602 | Db xref: taxon:3076 | Geo loc name: USA | Collection date: 1967
Tetrabaena socialis,glucose transporter,glucose,Plastidic glucose transporter 4 [Tetrabaena socialis],🟢 Confirmed,PNH04298.1,Organism: Tetrabaena socialis | Strain: NIES-571 | Isolation source: soil from a pond | Db xref: taxon:47790 | Geo loc name: Japan | Lat lon: 35.6895 N 139.6917 E | Collection date: 24-Aug-1982
Symbiodinium microadriaticum,glucose transporter,glucose,"Solute carrier family 2, facilitated glucose transporter member 12 [Symbiodinium microadriaticum]",🟢 Confirmed,OLQ14100.1,"Organism: Symbiodinium microadriaticum | Strain: CCMP2467 | Isolation source: Red Sea | Host: Stylophora pistillata | Db xref: taxon:2951 | Geo loc name: Egypt:Red Sea | Collection date: 30-Jul-2004 | Collected by: Trench,R | Identified by: Trench,R"
Symbiodinium microadriaticum,glucose transporter,glucose,High-affinity glucose transporter [Symbiodinium microadriaticum],🟢 Confirmed,OLQ13682.1,"Organism: Symbiodinium microadriaticum | Strain: CCMP2467 | Isolation source: Red Sea | Host: Stylophora pistillata | Db xref: taxon:2951 | Geo loc name: Egypt:Red Sea | Collection date: 30-Jul-2004 | Collected by: Trench,R | Identified by: Trench,R"
Symbiodinium microadriaticum,glucose transporter,glucose,"Solute carrier family 2, facilitated glucose transporter member 1 [Symbiodinium microadriaticum]",🟢 Confirmed,OLQ02574.1,"Organism: Symbiodinium microadriaticum | Strain: CCMP2467 | Isolation source: Red Sea | Host: Stylophora pistillata | Db xref: taxon:2951 | Geo loc name: Egypt:Red Sea | Collection date: 30-Jul-2004 | Collected by: Trench,R | Identified by: Trench,R"
Symbiodinium microadriaticum,glucose transporter,glucose,putative glucose transporter rco-3 [Symbiodinium microadriaticum],🟡 Probable/Hypothetical,OLP99696.1,"Organism: Symbiodinium microadriaticum | Strain: CCMP2467 | Isolation source: Red Sea | Host: Stylophora pistillata | Db xref: taxon:2951 | Geo loc name: Egypt:Red Sea | Collection date: 30-Jul-2004 | Collected by: Trench,R | Identified by: Trench,R"
Symbiodinium microadriaticum,glucose transporter,glucose,"Solute carrier family 2, facilitated glucose transporter member 3 [Symbiodinium microadriaticum]",🟢 Confirmed,OLP81921.1,"Organism: Symbiodinium microadriaticum | Strain: CCMP2467 | Isolation source: Red Sea | Host: Stylophora pistillata | Db xref: taxon:2951 | Geo loc name: Egypt:Red Sea | Collection date: 30-Jul-2004 | Collected by: Trench,R | Identified by: Trench,R"
Symbiodinium microadriaticum,glucose transporter,glucose,Low-affinity glucose transporter HXT3 [Symbiodinium microadriaticum],🟢 Confirmed,OLP77119.1,"Organism: Symbiodinium microadriaticum | Strain: CCMP2467 | Isolation source: Red Sea | Host: Stylophora pistillata | Db xref: taxon:2951 | Geo loc name: Egypt:Red Sea | Collection date: 30-Jul-2004 | Collected by: Trench,R | Identified by: Trench,R"
Phormidium tenue NIES-30,glucose transporter,glucose,PTS glucose transporter subunit IIB [Phormidium tenue NIES-30],🟢 Confirmed,OKH50853.1,Organism: Phormidium tenue NIES-30 | Strain: NIES-30 | Isolation source: water | Culture collection: NIES:30 | Db xref: taxon:549789 | Geo loc name: Japan: Akita | Lat lon: 39.65 N 139.9800 E | Collection date: 1977
[Phormidium ambiguum] IAM M-71,glucose transporter,glucose,PTS glucose transporter subunit IIB [[Phormidium ambiguum] IAM M-71],🟢 Confirmed,OKH38119.1,Organism: [Phormidium ambiguum] IAM M-71 | Strain: IAM M-71 | Isolation source: water | Culture collection: NIES:2119 | Db xref: taxon:454136 | Geo loc name: Japan | Lat lon: 36.04 N 140.12 E | Collection date: 1986
Oscillatoriales cyanobacterium CG2_30_40_61,glucose transporter,glucose,MAG: PTS glucose transporter subunit IIB [Oscillatoriales cyanobacterium CG2_30_40_61],🟢 Confirmed,OIP70396.1,"Organism: Oscillatoriales cyanobacterium CG2_30_40_61 | Isolate: CG2_30_40_61 | Isolation source: groundwater filtered through a 3.0 um filter | Db xref: taxon:1805291 | Environmental sample:  | Geo loc name: USA: Crystal Geyser near Green River, Utah | Lat lon: 38.56 N 110.8 W | Collection date: 08-Nov-2009 | Metagenome source: groundwater metagenome | Note: metagenomic"
Hapalosiphon sp. MRB220,glucose transporter,glucose,glucose transporter [Hapalosiphon sp. MRB220],🟢 Confirmed,KOP23063.1,Organism: Hapalosiphon sp. MRB220 | Strain: MRB220 | Isolation source: Freshwater reservoir | Db xref: taxon:1704290 | Geo loc name: Singapore | Lat lon: 1.2924791 N 103.8635056 E | Collection date: 2015
Chrysochromulina tobinii,glucose transporter,glucose,solute carrier family facilitated glucose transporter member 1 [Chrysochromulina tobinii],🟢 Confirmed,KOO29668.1,Organism: Chrysochromulina tobinii | Strain: CCMP291 | Isolation source: water | Db xref: taxon:1460289 | Geo loc name: USA: Colorado | Lat lon: 39 N 105 W | Collection date: 1991
Chrysochromulina tobinii,glucose transporter,glucose,glucose transporter [Chrysochromulina tobinii],🟢 Confirmed,KOO22686.1,Organism: Chrysochromulina tobinii | Strain: CCMP291 | Isolation source: water | Db xref: taxon:1460289 | Geo loc name: USA: Colorado | Lat lon: 39 N 105 W | Collection date: 1991
Auxenochlorella protothecoides,glucose transporter,glucose,Plastidic glucose transporter 4 [Auxenochlorella protothecoides],🟢 Confirmed,KFM27367.1,Organism: Auxenochlorella protothecoides | Strain: 0710 | Db xref: taxon:3075 | Chromosome: Unknown
Microchloropsis gaditana,glucose transporter,glucose,solute carrier family 2 (facilitated glucose transporter) member 13 [Microchloropsis gaditana],🟢 Confirmed,EKU23093.1,Organism: Microchloropsis gaditana | Strain: CCMP526 | Db xref: taxon:72520 | Chromosome: Unknown | Geo loc name: Morocco: Lagune de Oualida in North Atlantic ocean | Lat lon: 32.8333 N 9.00 W | Collection date: 1990
Microchloropsis gaditana,glucose transporter,glucose,sodium-dependent glucose transporter 1 [Microchloropsis gaditana],🟢 Confirmed,EKU20807.1,Organism: Microchloropsis gaditana | Strain: CCMP526 | Db xref: taxon:72520 | Chromosome: Unknown | Geo loc name: Morocco: Lagune de Oualida in North Atlantic ocean | Lat lon: 32.8333 N 9.00 W | Collection date: 1990
Prochlorococcus marinus str. MIT 9313,glucose transporter,glucose,"Sodium:solute symporter family, possible glucose transporter [Prochlorococcus marinus str. MIT 9313]",🟡 Probable/Hypothetical,CAE21677.1,Organism: Prochlorococcus marinus str. MIT 9313 | Strain: MIT9313 | Db xref: taxon:74547
Synechococcus sp. RCC307,glucose transporter,glucose,"Sodium:solute symporter family, possible glucose transporter [Synechococcus sp. RCC307]",🟡 Probable/Hypothetical,CAK28856.1,Organism: Synechococcus sp. RCC307 | Db xref: taxon:316278 | Note: Genoscope sequence ID : Syn_RCC307
Parasynechococcus marenigrum WH 8102,glucose transporter,glucose,"Sodium:solute symporter family, possibly glucose transporter [Parasynechococcus marenigrum WH 8102]",🟢 Confirmed,CAE07134.1,Organism: Parasynechococcus marenigrum WH 8102 | Strain: WH 8102 | Type material: reference strain of Parasynechococcus marenigrum | Db xref: taxon:84588
Auxenochlorella protothecoides,glucose transporter,glucose,Plastidic glucose transporter 4 [Auxenochlorella protothecoides],🟢 Confirmed,XP_011400334.1,Organism: Auxenochlorella protothecoides | Strain: 0710 | Db xref: taxon:3075 | Chromosome: Unknown
Tetraselmis sp. GSL018,glucose transporter,glucose,plastidic glucose transporter 4-like [Tetraselmis sp. GSL018],🟡 Probable/Hypothetical,JAC82733.1,"Organism: Tetraselmis sp. GSL018 | Isolate: GSL018 | Isolation source: evaporation pond | Db xref: taxon:582737 | Geo loc name: USA: Utah, Great Salt Lake | Collection date: 2006"
Tetraselmis sp. GSL018,glucose transporter,glucose,"MFS transporter, SP family, solute carrier family 2 (facilitated glucose transporter), member 8 [Tetraselmis sp. GSL018]",🟢 Confirmed,JAC79700.1,"Organism: Tetraselmis sp. GSL018 | Isolate: GSL018 | Isolation source: evaporation pond | Db xref: taxon:582737 | Geo loc name: USA: Utah, Great Salt Lake | Collection date: 2006"
Tetraselmis sp. GSL018,glucose transporter,glucose,plastidic glucose transporter 4-like [Tetraselmis sp. GSL018],🟡 Probable/Hypothetical,JAC66785.1,"Organism: Tetraselmis sp. GSL018 | Isolate: GSL018 | Isolation source: evaporation pond | Db xref: taxon:582737 | Geo loc name: USA: Utah, Great Salt Lake | Collection date: 2006"
Tetraselmis sp. GSL018,glucose transporter,glucose,plastidic glucose transporter 4-like [Tetraselmis sp. GSL018],🟡 Probable/Hypothetical,JAC66711.1,"Organism: Tetraselmis sp. GSL018 | Isolate: GSL018 | Isolation source: evaporation pond | Db xref: taxon:582737 | Geo loc name: USA: Utah, Great Salt Lake | Collection date: 2006"
Microchloropsis gaditana,glucose transporter,glucose,sodium-dependent glucose transporter 1 [Microchloropsis gaditana],🟢 Confirmed,EWM30127.1,Organism: Microchloropsis gaditana | Strain: B-31 | Db xref: taxon:72520 | Geo loc name: Italy: Padova
Microchloropsis gaditana,glucose transporter,glucose,solute carrier family 2 (facilitated glucose transporter) member 13 [Microchloropsis gaditana],🟢 Confirmed,EWM29810.1,Organism: Microchloropsis gaditana | Strain: B-31 | Db xref: taxon:72520 | Geo loc name: Italy: Padova
Prochlorococcus marinus str. MIT 9303,glucose transporter,glucose,"Sodium:solute symporter family, possible glucose transporter [Prochlorococcus marinus str. MIT 9303]",🟡 Probable/Hypothetical,ABM77194.1,Organism: Prochlorococcus marinus str. MIT 9303 | Strain: MIT 9303 | Db xref: taxon:59922
Synechococcus sp. CC9311,glucose transporter,glucose,"Sodium:solute symporter family, possible glucose transporter [Synechococcus sp. CC9311]",🟡 Probable/Hypothetical,ABI46406.1,Organism: Synechococcus sp. CC9311 | Strain: CC9311 | Isolation source: edge of California current after nitrate enrichment and low light incubation | Db xref: taxon:64471
Prochlorococcus marinus str. NATL1A,glucose transporter,glucose,"Sodium:solute symporter family, possible glucose transporter [Prochlorococcus marinus str. NATL1A]",🟡 Probable/Hypothetical,ABM76437.1,Organism: Prochlorococcus marinus str. NATL1A | Strain: NATL1A | Db xref: taxon:167555
Synechococcus sp. CC9902,glucose transporter,glucose,"sodium:solute symporter family, possibly glucose transporter [Synechococcus sp. CC9902]",🟢 Confirmed,ABB25578.1,Organism: Synechococcus sp. CC9902 | Strain: CC9902 | Db xref: taxon:316279
Synechococcus sp. WH 8109,glucose transporter,glucose,"sodium:solute symporter family, possibly glucose transporter [Synechococcus sp. WH 8109]",🟢 Confirmed,AHF64487.1,Organism: Synechococcus sp. WH 8109 | Strain: WH 8109 | Isolation source: Sargasso Sea | Db xref: taxon:166314
Leptolyngbya sp. Heron Island J,glucose transporter,glucose,pts glucose transporter subunit iibc [Leptolyngbya sp. Heron Island J],🟢 Confirmed,ESA33133.1,Organism: Leptolyngbya sp. Heron Island J | Strain: Heron Island J | Db xref: taxon:1385935 | Geo loc name: Australia: Heron Island
Microchloropsis gaditana,glucose transporter,glucose,solute carrier family facilitated glucose transporter member 3 [Microchloropsis gaditana],🟢 Confirmed,AFJ68651.1,Organism: Microchloropsis gaditana | Strain: CCMP526 | Db xref: taxon:72520
Synechococcus sp. RS9916,glucose transporter,glucose,"Sodium:solute symporter family, possible glucose transporter [Synechococcus sp. RS9916]",🟡 Probable/Hypothetical,EAU74785.1,Organism: Synechococcus sp. RS9916 | Strain: RS9916 | Db xref: taxon:221359
Synechococcus sp. BL107,glucose transporter,glucose,"sodium:solute symporter family, possibly glucose transporter [Synechococcus sp. BL107]",🟢 Confirmed,EAU72329.1,Organism: Synechococcus sp. BL107 | Strain: BL107 | Db xref: taxon:313625
Synechococcus sp. WH 7805,glucose transporter,glucose,"Sodium:solute symporter family, possible glucose transporter [Synechococcus sp. WH 7805]",🟡 Probable/Hypothetical,EAR19706.1,Organism: Synechococcus sp. WH 7805 | Strain: WH 7805 | Db xref: taxon:59931
Chroococcus sp. FPU101,glucose pts,glucose,PTS glucose EIICB component [Chroococcus sp. FPU101],🟢 Confirmed,GFE71051.1,"Organism: Chroococcus sp. FPU101 | Strain: FPU101 | Isolation source: algae farm water | Db xref: taxon:1974212 | Geo loc name: Japan:Fukuoka, Asakura, Yanaga | Lat lon: 33.397 N 130.6803 E | Collection date: 2011-07-16"
Leptolyngbya sp.,fructose transporter,fructose,MAG: PTS fructose transporter subunit EIIBC [Leptolyngbya sp.],🟢 Confirmed,PZV10588.1,Organism: Leptolyngbya sp. | Isolate: ULC073bin1 | Isolation source: microbial mat ULC073 | Db xref: taxon:47254 | Environmental sample:  | Geo loc name: Antarctica | Lat lon: 85 S 175 W | Collection date: 2011/2014 | Metagenome source: microbial mat metagenome | Note: metagenomic
Leptolyngbya sp.,fructose transporter,fructose,MAG: PTS fructose transporter subunit EIIBC [Leptolyngbya sp.],🟢 Confirmed,PZV07262.1,Organism: Leptolyngbya sp. | Isolate: ULC186bin1 | Isolation source: microbial mat ULC186 | Db xref: taxon:47254 | Environmental sample:  | Geo loc name: Belgium | Lat lon: 50.70223 N 4.498938 E | Collection date: 2011/2014 | Metagenome source: microbial mat metagenome | Note: metagenomic
Shackletoniella antarctica,fructose transporter,fructose,MAG: PTS fructose transporter subunit EIIBC [Shackletoniella antarctica],🟢 Confirmed,PZO35504.1,Organism: Shackletoniella antarctica | Isolate: ULC041bin1 | Isolation source: microbial mat ULC041 | Db xref: taxon:268115 | Environmental sample:  | Geo loc name: Antarctica | Lat lon: 68.683503 S 78.246524 E | Collection date: 2011/2014 | Metagenome source: microbial mat metagenome | Note: metagenomic
Nostoc sp. 3335mG,fructose transporter,fructose,PTS fructose transporter subunit IIA [Nostoc sp. 3335mG],🟢 Confirmed,PXA99078.1,Organism: Nostoc sp. 3335mG | Strain: 3335mG | Isolation source: coralloid root | Host: Dioon edule | Db xref: taxon:2204170 | Geo loc name: Mexico: Queretaro | Lat lon: 21.466667 N 99.173611 W | Collection date: 2016-06-03
Phormidium tenue NIES-30,fructose transporter,fructose,PTS fructose transporter subunit EIIBC [Phormidium tenue NIES-30],🟢 Confirmed,OKH43778.1,Organism: Phormidium tenue NIES-30 | Strain: NIES-30 | Isolation source: water | Culture collection: NIES:30 | Db xref: taxon:549789 | Geo loc name: Japan: Akita | Lat lon: 39.65 N 139.9800 E | Collection date: 1977
Leptolyngbya valderiana BDU 20041,fructose transporter,fructose,PTS fructose transporter subunit IIB [Leptolyngbya valderiana BDU 20041],🟢 Confirmed,OAB60932.1,"Organism: Leptolyngbya valderiana BDU 20041 | Strain: BDU 20041 | Db xref: taxon:322866 | Geo loc name: India: Point Calimere, Bay of Bengal region, Tamil Nadu | Lat lon: 10.3025678 N 79.88113309 E | Altitude: 2 m | Collection date: 23-Feb-1987 | Collected by: National Facility for Marine Cyanobacteria | Identified by: Dr. N. Thajuddin"
Durusdinium trenchii,galactose transporter,galactose,Galactose-proton symporter (Galactose transporter) [Durusdinium trenchii],🟢 Confirmed,CAK9024024.1,Organism: Durusdinium trenchii | Db xref: taxon:1381693 | Note: contig: Dtrenchii_SCF082_s1964
Chloropicon primus,galactose transporter,galactose,UDP galactose transporter [Chloropicon primus],🟢 Confirmed,UPR02365.1,"Organism: Chloropicon primus | Strain: RCC138 | Isolation source: sea water | Db xref: taxon:1764295 | Chromosome: 9 | Geo loc name: Pacific Ocean:North Pacific | Collection date: 1992-01-01 | Collected by: Jacobson,D"
Chloropicon primus,galactose transporter,galactose,UDP galactose transporter [Chloropicon primus],🟢 Confirmed,QDZ23151.1,Organism: Chloropicon primus | Strain: CCMP1205 | Db xref: taxon:1764295 | Chromosome: 9 | Collection date: 1965
Coccomyxa subellipsoidea C-169,galactose transporter,galactose,UDP galactose transporter [Coccomyxa subellipsoidea C-169],🟢 Confirmed,XP_005651262.1,Organism: Coccomyxa subellipsoidea C-169 | Isolate: C-169 | Db xref: taxon:574566
Coccomyxa subellipsoidea C-169,galactose transporter,galactose,UDP galactose transporter [Coccomyxa subellipsoidea C-169],🟢 Confirmed,EIE26718.1,Organism: Coccomyxa subellipsoidea C-169 | Isolate: C-169 | Db xref: taxon:574566
Synechococcus sp. WH 8020,lactose transporter,lactose,lactose ABC transporter permease [Synechococcus sp. WH 8020],🟢 Confirmed,AKN60465.1,Organism: Synechococcus sp. WH 8020 | Strain: WH 8020 | Isolation source: water sample | Db xref: taxon:32052 | Geo loc name: Atlantic Ocean | Lat lon: 38.40 N 69.19 W | Collection date: 1980
Annamia dubia NIES-4383,lactose transporter,lactose,lactose ABC transporter permease [Annamia dubia NIES-4383],🟢 Confirmed,BDG65160.1,"Organism: Annamia dubia NIES-4383 | Strain: NIES-4383 | Isolation source: lake water in Kasumigaura | Type material: reference strain of Annamia dubia | Db xref: taxon:2759045 | Geo loc name: Japan:Ibaraki, Tsuchiura, Lake Kasumigaura | Collection date: 2015-11-11"
Annamia dubia NIES-4383,lactose transporter,lactose,lactose ABC transporter permease [Annamia dubia NIES-4383],🟢 Confirmed,BDG63545.1,"Organism: Annamia dubia NIES-4383 | Strain: NIES-4383 | Isolation source: lake water in Kasumigaura | Type material: reference strain of Annamia dubia | Db xref: taxon:2759045 | Geo loc name: Japan:Ibaraki, Tsuchiura, Lake Kasumigaura | Collection date: 2015-11-11"
Synechococcus sp.,lactose transporter,lactose,MAG: lactose ABC transporter permease [Synechococcus sp.],🟢 Confirmed,GIR24383.1,Organism: Synechococcus sp. | Isolate: CM1_5m.P39 | Isolation source: seawater | Db xref: taxon:1131 | Environmental sample:  | Metagenome source: seawater metagenome | Note: metagenomic
Synechococcus sp.,lactose transporter,lactose,MAG: lactose ABC transporter permease [Synechococcus sp.],🟢 Confirmed,GIR75091.1,Organism: Synechococcus sp. | Isolate: CM1_5m.P77 | Isolation source: seawater | Db xref: taxon:1131 | Environmental sample:  | Metagenome source: seawater metagenome | Note: metagenomic
Cyanobium sp.,lactose transporter,lactose,lactose ABC transporter permease [Cyanobium sp.],🟢 Confirmed,GDX75809.1,"Organism: Cyanobium sp. | Isolate: LBMAG_Cyanobacteria_epi.bin3 | Isolation source: Lake freshwater | Db xref: taxon:2164130 | Environmental sample:  | Geo loc name: Japan:Shiga, Lake Biwa | Lat lon: 35.2193 N 135.9957 E | Collection date: 2016 | Note: metagenomic; derived from metagenome: lake water metagenome"
Cyanobium sp.,lactose transporter,lactose,lactose ABC transporter permease [Cyanobium sp.],🟢 Confirmed,GDX71689.1,"Organism: Cyanobium sp. | Isolate: LBMAG_Cyanobacteria_epi.bin1 | Isolation source: Lake freshwater | Db xref: taxon:2164130 | Environmental sample:  | Geo loc name: Japan:Shiga, Lake Biwa | Lat lon: 35.2193 N 135.9957 E | Collection date: 2016 | Note: metagenomic; derived from metagenome: lake water metagenome"
Thermosynechococcus sp.,lactose transporter,lactose,MAG: lactose ABC transporter permease [Thermosynechococcus sp.],🟢 Confirmed,BCX12236.1,Organism: Thermosynechococcus sp. | Isolate: KatS3mg067 | Isolation source: sediments collected from the Katase hot spring field | Db xref: taxon:2814275 | Environmental sample:  | Metagenome source: hot springs metagenome | Note: metagenomic
Thermosynechococcus sp.,lactose transporter,lactose,MAG: lactose ABC transporter permease [Thermosynechococcus sp.],🟢 Confirmed,BCX12033.1,Organism: Thermosynechococcus sp. | Isolate: KatS3mg067 | Isolation source: sediments collected from the Katase hot spring field | Db xref: taxon:2814275 | Environmental sample:  | Metagenome source: hot springs metagenome | Note: metagenomic
Fischerella sp.,lactose transporter,lactose,MAG: lactose ABC transporter permease [Fischerella sp.],🟢 Confirmed,BCX07834.1,Organism: Fischerella sp. | Isolate: KatS3mg066 | Isolation source: sediments collected from the Katase hot spring field | Db xref: taxon:1191 | Environmental sample:  | Metagenome source: hot springs metagenome | Note: metagenomic
Fischerella sp.,lactose transporter,lactose,MAG: lactose ABC transporter permease [Fischerella sp.],🟢 Confirmed,BCX06636.1,Organism: Fischerella sp. | Isolate: KatS3mg066 | Isolation source: sediments collected from the Katase hot spring field | Db xref: taxon:1191 | Environmental sample:  | Metagenome source: hot springs metagenome | Note: metagenomic
Nostoc cf. commune SO-36,lactose transporter,lactose,lactose ABC transporter permease [Nostoc cf. commune SO-36],🟢 Confirmed,BDI18038.1,"Organism: Nostoc cf. commune SO-36 | Strain: SO-36 | Culture collection: NIES:3992 | Db xref: taxon:449208 | Geo loc name: Antarctica:Kuzira Misaki, Padda Island, Lutzow-Holm Bay | Collection date: 1988-09-15"
Nostoc cf. commune SO-36,lactose transporter,lactose,lactose ABC transporter permease [Nostoc cf. commune SO-36],🟢 Confirmed,BDI17930.1,"Organism: Nostoc cf. commune SO-36 | Strain: SO-36 | Culture collection: NIES:3992 | Db xref: taxon:449208 | Geo loc name: Antarctica:Kuzira Misaki, Padda Island, Lutzow-Holm Bay | Collection date: 1988-09-15"
Acaryochloris marina MBIC10699,lactose transporter,lactose,lactose ABC transporter permease [Acaryochloris marina MBIC10699],🟢 Confirmed,BDM78998.1,"Organism: Acaryochloris marina MBIC10699 | Strain: MBIC10699 | Culture collection: MBIC:10699, NBRC:102871 | Db xref: taxon:2954813"
Acaryochloris marina MBIC10699,lactose transporter,lactose,lactose ABC transporter permease [Acaryochloris marina MBIC10699],🟢 Confirmed,BDM78311.1,"Organism: Acaryochloris marina MBIC10699 | Strain: MBIC10699 | Culture collection: MBIC:10699, NBRC:102871 | Db xref: taxon:2954813"
Synechococcus sp. Lanier,lactose transporter,lactose,MAG: lactose ABC transporter permease [Synechococcus sp. Lanier],🟢 Confirmed,OUE49702.1,"Organism: Synechococcus sp. Lanier | Isolate: Lanier | Isolation source: Freshwater reservoir | Db xref: taxon:1910957 | Environmental sample:  | Geo loc name: USA: Lake Lanier, Atlanta, GA | Collection date: 2009 | Metagenome source: freshwater metagenome | Note: metagenomic"
Synechococcus sp. SynAce01,lactose transporter,lactose,lactose ABC transporter permease [Synechococcus sp. SynAce01],🟢 Confirmed,APD49587.1,"Organism: Synechococcus sp. SynAce01 | Strain: SynAce01 | Isolation source: water | Culture collection: CS<AUS>:601 | Db xref: taxon:1916956 | Geo loc name: Antarctica: Ace Lake, Vestfold Hills | Lat lon: 68.27 S 78.12 E | Collection date: 1992"
Nostoc sp. MS1,lactose transporter,lactose,lactose ABC transporter permease [Nostoc sp. MS1],🟢 Confirmed,BCL37443.1,Organism: Nostoc sp. MS1 | Strain: MS1 | Isolation source: river water | Culture collection: NIES:4466 | Db xref: taxon:2764711 | Geo loc name: Japan:Ibaraki | Collection date: 2015-11-12
Nostoc sp. MS1,lactose transporter,lactose,lactose ABC transporter permease [Nostoc sp. MS1],🟢 Confirmed,BCL33991.1,Organism: Nostoc sp. MS1 | Strain: MS1 | Isolation source: river water | Culture collection: NIES:4466 | Db xref: taxon:2764711 | Geo loc name: Japan:Ibaraki | Collection date: 2015-11-12
Leptolyngbya sp. BL0902,lactose transporter,lactose,lactose ABC transporter permease [Leptolyngbya sp. BL0902],🟢 Confirmed,QQE65068.1,"Organism: Leptolyngbya sp. BL0902 | Strain: BL0902 | Isolation source: open pond on an algae farm | Db xref: taxon:1115757 | Geo loc name: USA: California, Imperial Valley"
Fischerella thermalis CCMEE 5273,lactose transporter,lactose,lactose ABC transporter permease [Fischerella thermalis CCMEE 5273],🟢 Confirmed,PMB07216.1,"Organism: Fischerella thermalis CCMEE 5273 | Strain: CCMEE 5273 | Isolation source: hot spring | Db xref: taxon:2019663 | Geo loc name: Canada: Harrison Hot Springs, British Columbia | Collection date: Aug-1976"
Synechocystis sp. CACIAM 05,lactose transporter,lactose,lactose ABC transporter permease [Synechocystis sp. CACIAM 05],🟢 Confirmed,QHU99413.1,Organism: Synechocystis sp. CACIAM 05 | Strain: CACIAM 05 | Isolation source: freshwater lake | Db xref: taxon:1933929 | Geo loc name: Brazil: Belem | Collection date: 2011
Cylindrospermopsis raciborskii CS-508,lactose transporter,lactose,lactose ABC transporter permease [Cylindrospermopsis raciborskii CS-508],🟢 Confirmed,OHY35053.1,Organism: Cylindrospermopsis raciborskii CS-508 | Strain: CS-508 | Isolation source: freshwater | Db xref: taxon:533243 | Geo loc name: Australia: Solomon Dam | Collection date: 01-Jan-1999
Prochlorothrix hollandica PCC 9006 = CALU 1027,lactose transporter,lactose,lactose ABC transporter permease [Prochlorothrix hollandica PCC 9006 = CALU 1027],🟢 Confirmed,KKJ01134.1,Organism: Prochlorothrix hollandica PCC 9006 = CALU 1027 | Strain: CALU 1027 | Isolation source: mixed culture | Culture collection: CALU:1027 | Type material: type strain of Prochlorothrix hollandica | Db xref: taxon:317619 | Environmental sample:  | Note: metagenomic
Synechococcus sp. BS56D,lactose transporter,lactose,lactose ABC transporter permease [Synechococcus sp. BS56D],🟢 Confirmed,TCD58523.1,Organism: Synechococcus sp. BS56D | Strain: BS56D | Isolation source: Marine (Black Sea) | Db xref: taxon:2055944 | Geo loc name: Bulgaria: Black Sea | Lat lon: 43.10 N 29.00 E | Collection date: 28-Jul-2015
Synechococcus sp. BS55D,lactose transporter,lactose,lactose ABC transporter permease [Synechococcus sp. BS55D],🟢 Confirmed,TCD57183.1,Organism: Synechococcus sp. BS55D | Strain: BS55D | Isolation source: Marine (Black Sea) | Db xref: taxon:2055943 | Geo loc name: Bulgaria: eastern Black Sea | Lat lon: 43.10 N 29.00 E | Collection date: 25-Jun-2015
Westiellopsis prolifica IICB1,lactose transporter,lactose,lactose ABC transporter permease [Westiellopsis prolifica IICB1],🟢 Confirmed,TBR57340.1,Organism: Westiellopsis prolifica IICB1 | Strain: IICB1 | Db xref: taxon:1970206 | Geo loc name: India
Chroococcidiopsis cubana SAG 39.79,lactose transporter,lactose,lactose ABC transporter permease [Chroococcidiopsis cubana SAG 39.79],🟢 Confirmed,RUT12547.1,"Organism: Chroococcidiopsis cubana SAG 39.79 | Strain: SAG 39.79 | Culture collection: DSM:107010, PCC:7433 | Db xref: taxon:388085 | Geo loc name: Cuba: Pinar del Rio | Collection date: 1966"
Chroococcidiopsis cubana SAG 39.79,lactose transporter,lactose,lactose ABC transporter permease [Chroococcidiopsis cubana SAG 39.79],🟢 Confirmed,RUT11537.1,"Organism: Chroococcidiopsis cubana SAG 39.79 | Strain: SAG 39.79 | Culture collection: DSM:107010, PCC:7433 | Db xref: taxon:388085 | Geo loc name: Cuba: Pinar del Rio | Collection date: 1966"
Dulcicalothrix desertica PCC 7102,lactose transporter,lactose,lactose ABC transporter permease [Dulcicalothrix desertica PCC 7102],🟢 Confirmed,RUT09529.1,"Organism: Dulcicalothrix desertica PCC 7102 | Strain: PCC 7102 | Culture collection: DSM:106972, PCC:7102 | Type material: type strain of Calothrix desertica | Db xref: taxon:232991 | Geo loc name: Chile: Antofagasta desert | Collection date: 1958"
Dulcicalothrix desertica PCC 7102,lactose transporter,lactose,lactose ABC transporter permease [Dulcicalothrix desertica PCC 7102],🟢 Confirmed,RUT02714.1,"Organism: Dulcicalothrix desertica PCC 7102 | Strain: PCC 7102 | Culture collection: DSM:106972, PCC:7102 | Type material: type strain of Calothrix desertica | Db xref: taxon:232991 | Geo loc name: Chile: Antofagasta desert | Collection date: 1958"
Trichormus variabilis SAG 1403-4b,lactose transporter,lactose,lactose ABC transporter permease [Trichormus variabilis SAG 1403-4b],🟢 Confirmed,RUS99978.1,"Organism: Trichormus variabilis SAG 1403-4b | Strain: SAG 1403-4b | Culture collection: DSM:107003, PCC:6309 | Db xref: taxon:447716 | Geo loc name: Netherlands: Utrecht | Collection date: 1954"
Trichormus variabilis SAG 1403-4b,lactose transporter,lactose,lactose ABC transporter permease [Trichormus variabilis SAG 1403-4b],🟢 Confirmed,RUS97868.1,"Organism: Trichormus variabilis SAG 1403-4b | Strain: SAG 1403-4b | Culture collection: DSM:107003, PCC:6309 | Db xref: taxon:447716 | Geo loc name: Netherlands: Utrecht | Collection date: 1954"
Nostoc sp. PCC 7120 = FACHB-418,lactose transporter,lactose,lactose ABC transporter permease [Nostoc sp. PCC 7120 = FACHB-418],🟢 Confirmed,RUR87618.1,"Organism: Nostoc sp. PCC 7120 = FACHB-418 | Strain: PCC 7120 | Culture collection: DSM:107007, PCC:7120 | Db xref: taxon:103690 | Collection date: 1982"
Chlorogloeopsis fritschii PCC 6912,lactose transporter,lactose,lactose ABC transporter permease [Chlorogloeopsis fritschii PCC 6912],🟢 Confirmed,RUR83480.1,"Organism: Chlorogloeopsis fritschii PCC 6912 | Strain: PCC 6912 | Culture collection: DSM:101459, PCC:6912 | Type material: type strain of Chlorogloea fritschii | Db xref: taxon:211165 | Geo loc name: India: Allahabad | Collection date: 1950"
Nostoc sp. PCC 7120 = FACHB-418,lactose transporter,lactose,lactose ABC transporter permease [Nostoc sp. PCC 7120 = FACHB-418],🟢 Confirmed,RUR75892.1,"Organism: Nostoc sp. PCC 7120 = FACHB-418 | Strain: PCC 7120 | Culture collection: DSM:107007, PCC:7120 | Db xref: taxon:103690 | Collection date: 1982"
Chlorogloeopsis fritschii PCC 6912,lactose transporter,lactose,lactose ABC transporter permease [Chlorogloeopsis fritschii PCC 6912],🟢 Confirmed,RUR74446.1,"Organism: Chlorogloeopsis fritschii PCC 6912 | Strain: PCC 6912 | Culture collection: DSM:101459, PCC:6912 | Type material: type strain of Chlorogloea fritschii | Db xref: taxon:211165 | Geo loc name: India: Allahabad | Collection date: 1950"
Limnospira platensis YZ,lactose transporter,lactose,lactose ABC transporter permease [Limnospira platensis YZ],🟢 Confirmed,AMW31503.1,"Organism: Limnospira platensis YZ | Strain: YZ | Isolation source: water | Db xref: taxon:1738638 | Geo loc name: China: Lijiang, Chenghai Lake | Lat lon: 26.27 N 100.30 E | Collection date: 21-Jul-2000"
Cyanobium usitatum str. Tous,lactose transporter,lactose,lactose ABC transporter permease [Cyanobium usitatum str. Tous],🟢 Confirmed,PSJ07430.1,Organism: Cyanobium usitatum str. Tous | Strain: Tous | Isolation source: freshwater reservoir | Type material: type strain of Cyanobium usitatum | Db xref: taxon:2116684 | Geo loc name: Spain: Tous | Lat lon: 39.14 N 0.65 W | Collection date: 01-Feb-2016
Synechococcus lacustris str. Tous,lactose transporter,lactose,lactose ABC transporter permease [Synechococcus lacustris str. Tous],🟢 Confirmed,PSI02662.1,Organism: Synechococcus lacustris str. Tous | Strain: Tous | Isolation source: freshwater reservoir | Type material: type strain of Synechococcus lacustris | Db xref: taxon:1910958 | Geo loc name: Spain: Tous | Lat lon: 39.14 N 0.65 W | Collection date: 01-Feb-2016
Fischerella thermalis 111/344/542,lactose transporter,lactose,lactose ABC transporter permease [Fischerella thermalis 111/344/542],🟢 Confirmed,RDH47189.1,Organism: Fischerella thermalis 111/344/542 | Strain: 111/344/542 | Isolation source: White Creek | Db xref: taxon:1488312 | Geo loc name: USA | Collection date: 2004 | Collected by: S. Miller
Nostoc minutum NIES-26,lactose transporter,lactose,lactose ABC transporter permease [Nostoc minutum NIES-26],🟢 Confirmed,RCJ39146.1,"Organism: Nostoc minutum NIES-26 | Isolate: NIES-26 | Isolation source: non-axenic culture | Culture collection: NIES:26 | Db xref: taxon:1844469 | Environmental sample:  | Geo loc name: Japan: Okinawa, Ishigaki Island | Collection date: 1983 | Collected by: Ishikawa, Masako | Note: metagenomic"
Nostoc punctiforme NIES-2108,lactose transporter,lactose,lactose ABC transporter permease [Nostoc punctiforme NIES-2108],🟢 Confirmed,RCJ38983.1,"Organism: Nostoc punctiforme NIES-2108 | Isolate: NIES-2108 | Isolation source: non-axenic culture | Host: Peltigera didactyla | Culture collection: NIES:2108 | Db xref: taxon:1356359 | Environmental sample:  | Geo loc name: Japan | Collection date: 2007 | Collected by: Watanabe, Atsushi | Note: metagenomic"
Nostoc sp. ATCC 53789,lactose transporter,lactose,lactose ABC transporter permease [Nostoc sp. ATCC 53789],🟢 Confirmed,RCJ21615.1,"Organism: Nostoc sp. ATCC 53789 | Strain: ATCC 53789 | Isolation source: Lichen | Culture collection: ATCC:53789 | Db xref: taxon:76335 | Geo loc name: United Kingdom: Scotland, Arron Island | Collection date: 1989"
Nostoc sp. ATCC 43529,lactose transporter,lactose,lactose ABC transporter permease [Nostoc sp. ATCC 43529],🟢 Confirmed,RCJ19165.1,Organism: Nostoc sp. ATCC 43529 | Isolate: ATCC 43529 | Isolation source: non-axenic culture from lake water | Culture collection: ATCC:43529 | Db xref: taxon:1840705 | Environmental sample:  | Geo loc name: USA: New Jersey | Collection date: 1986 | Collected by: CP Wolk | Note: metagenomic
Snowella sp.,lactose transporter,lactose,MAG: lactose ABC transporter permease [Snowella sp.],🟢 Confirmed,PZV26767.1,Organism: Snowella sp. | Isolate: ULC335bin1 | Isolation source: microbial mat ULC335 | Db xref: taxon:2164131 | Environmental sample:  | Geo loc name: Belgium | Lat lon: 50.185753 N 4.38233 E | Collection date: 2011/2014 | Metagenome source: microbial mat metagenome | Note: metagenomic
Cyanobium sp.,lactose transporter,lactose,MAG: lactose ABC transporter permease [Cyanobium sp.],🟢 Confirmed,PZV24929.1,Organism: Cyanobium sp. | Isolate: ULC065bin1 | Isolation source: microbial mat ULC065 | Db xref: taxon:2164130 | Environmental sample:  | Geo loc name: Canada | Lat lon: 73.365249 N 79.015262 W | Collection date: 2011/2014 | Metagenome source: microbial mat metagenome | Note: metagenomic
Pseudanabaena sp.,lactose transporter,lactose,MAG: lactose ABC transporter permease [Pseudanabaena sp.],🟢 Confirmed,PZV15985.1,Organism: Pseudanabaena sp. | Isolate: ULC068bin1 | Isolation source: microbial mat ULC068 | Db xref: taxon:1153 | Environmental sample:  | Geo loc name: Canada | Lat lon: 55.27457 N 77.763784 W | Collection date: 2011/2014 | Metagenome source: microbial mat metagenome | Note: metagenomic
Leptolyngbya sp.,lactose transporter,lactose,MAG: lactose ABC transporter permease [Leptolyngbya sp.],🟢 Confirmed,PZV15854.1,Organism: Leptolyngbya sp. | Isolate: ULC073bin1 | Isolation source: microbial mat ULC073 | Db xref: taxon:47254 | Environmental sample:  | Geo loc name: Antarctica | Lat lon: 85 S 175 W | Collection date: 2011/2014 | Metagenome source: microbial mat metagenome | Note: metagenomic
Leptolyngbya sp.,lactose transporter,lactose,MAG: lactose ABC transporter permease [Leptolyngbya sp.],🟢 Confirmed,PZV10390.1,Organism: Leptolyngbya sp. | Isolate: ULC077bin1 | Isolation source: microbial mat ULC077 | Db xref: taxon:47254 | Environmental sample:  | Geo loc name: Canada | Lat lon: 73.365249 N 79.015262 W | Collection date: 2011/2014 | Metagenome source: microbial mat metagenome | Note: metagenomic
Cyanobium sp.,lactose transporter,lactose,MAG: lactose ABC transporter permease [Cyanobium sp.],🟢 Confirmed,PZV04800.1,Organism: Cyanobium sp. | Isolate: ULC082bin1 | Isolation source: microbial mat ULC082 | Db xref: taxon:2164130 | Environmental sample:  | Geo loc name: Antarctica | Lat lon: 62.630581 S 60.204448 W | Collection date: 2011/2014 | Metagenome source: microbial mat metagenome | Note: metagenomic
Cyanobium sp.,lactose transporter,lactose,MAG: lactose ABC transporter permease [Cyanobium sp.],🟢 Confirmed,PZV03094.1,Organism: Cyanobium sp. | Isolate: ULC084bin3 | Isolation source: microbial mat ULC084 | Db xref: taxon:2164130 | Environmental sample:  | Geo loc name: Antarctica | Lat lon: 62.630581 S 60.204448 W | Collection date: 2011/2014 | Metagenome source: microbial mat metagenome | Note: metagenomic
Leptolyngbya sp.,lactose transporter,lactose,MAG: lactose ABC transporter permease [Leptolyngbya sp.],🟢 Confirmed,PZV02046.1,Organism: Leptolyngbya sp. | Isolate: ULC186bin1 | Isolation source: microbial mat ULC186 | Db xref: taxon:47254 | Environmental sample:  | Geo loc name: Belgium | Lat lon: 50.70223 N 4.498938 E | Collection date: 2011/2014 | Metagenome source: microbial mat metagenome | Note: metagenomic
Pseudanabaena sp.,lactose transporter,lactose,MAG: lactose ABC transporter permease [Pseudanabaena sp.],🟢 Confirmed,PZU96120.1,Organism: Pseudanabaena sp. | Isolate: ULC187bin1 | Isolation source: microbial mat ULC187 | Db xref: taxon:1153 | Environmental sample:  | Geo loc name: Belgium | Lat lon: 50.206012 N 4.409236 E | Collection date: 2011/2014 | Metagenome source: microbial mat metagenome | Note: metagenomic
Phormidesmis priestleyi,lactose transporter,lactose,MAG: lactose ABC transporter permease [Phormidesmis priestleyi],🟢 Confirmed,PZO51944.1,Organism: Phormidesmis priestleyi | Isolate: ULC027bin1 | Isolation source: microbial mat ULC027 | Db xref: taxon:268141 | Environmental sample:  | Geo loc name: Antarctica | Lat lon: 69.4 S 76.35 E | Collection date: 2011/2014 | Metagenome source: microbial mat metagenome | Note: metagenomic
Pseudanabaena frigida,lactose transporter,lactose,MAG: lactose ABC transporter permease [Pseudanabaena frigida],🟢 Confirmed,PZO43499.1,Organism: Pseudanabaena frigida | Isolate: ULC066bin1 | Isolation source: microbial mat ULC066 | Db xref: taxon:945775 | Environmental sample:  | Geo loc name: Canada | Lat lon: 73.365249 N 79.015262 W | Collection date: 2011/2014 | Metagenome source: microbial mat metagenome | Note: metagenomic
Shackletoniella antarctica,lactose transporter,lactose,MAG: lactose ABC transporter permease [Shackletoniella antarctica],🟢 Confirmed,PZO42772.1,Organism: Shackletoniella antarctica | Isolate: ULC041bin1 | Isolation source: microbial mat ULC041 | Db xref: taxon:268115 | Environmental sample:  | Geo loc name: Antarctica | Lat lon: 68.683503 S 78.246524 E | Collection date: 2011/2014 | Metagenome source: microbial mat metagenome | Note: metagenomic
Nodosilinea foveolarum,lactose transporter,lactose,MAG: lactose ABC transporter permease [Nodosilinea foveolarum],🟢 Confirmed,PZO12870.1,Organism: Nodosilinea foveolarum | Isolate: ULC129bin1 | Isolation source: microbial mat ULC129 | Db xref: taxon:47253 | Environmental sample:  | Geo loc name: Antarctica | Lat lon: 85 S 175 W | Collection date: 2011/2014 | Metagenome source: microbial mat metagenome | Note: metagenomic
Nostoc sp. 3335mG,lactose transporter,lactose,PTS lactose transporter subunit IIC [Nostoc sp. 3335mG],🟢 Confirmed,PXA99109.1,Organism: Nostoc sp. 3335mG | Strain: 3335mG | Isolation source: coralloid root | Host: Dioon edule | Db xref: taxon:2204170 | Geo loc name: Mexico: Queretaro | Lat lon: 21.466667 N 99.173611 W | Collection date: 2016-06-03
Nostoc sp. 3335mG,lactose transporter,lactose,lactose ABC transporter permease [Nostoc sp. 3335mG],🟢 Confirmed,PXA88395.1,Organism: Nostoc sp. 3335mG | Strain: 3335mG | Isolation source: coralloid root | Host: Dioon edule | Db xref: taxon:2204170 | Geo loc name: Mexico: Queretaro | Lat lon: 21.466667 N 99.173611 W | Collection date: 2016-06-03
Nostoc sp. 3335mG,lactose transporter,lactose,lactose ABC transporter permease [Nostoc sp. 3335mG],🟢 Confirmed,PXA88358.1,Organism: Nostoc sp. 3335mG | Strain: 3335mG | Isolation source: coralloid root | Host: Dioon edule | Db xref: taxon:2204170 | Geo loc name: Mexico: Queretaro | Lat lon: 21.466667 N 99.173611 W | Collection date: 2016-06-03
Nostoc sp. 3335mG,lactose transporter,lactose,PTS lactose transporter subunit IIC [Nostoc sp. 3335mG],🟢 Confirmed,PXA84402.1,Organism: Nostoc sp. 3335mG | Strain: 3335mG | Isolation source: coralloid root | Host: Dioon edule | Db xref: taxon:2204170 | Geo loc name: Mexico: Queretaro | Lat lon: 21.466667 N 99.173611 W | Collection date: 2016-06-03
Synechococcus sp. XM-24,lactose transporter,lactose,MAG: lactose ABC transporter permease [Synechococcus sp. XM-24],🟢 Confirmed,PWL23844.1,Organism: Synechococcus sp. XM-24 | Isolate: XM-24 | Isolation source: Synechococcus culture from coastal marine water | Db xref: taxon:1979185 | Environmental sample:  | Geo loc name: China: Xiamen | Lat lon: 24.46 N 118.1 E | Collection date: 13-Feb-2016 | Metagenome source: marine metagenome | Note: metagenomic
Chroococcidiopsis sp. CCALA 051,lactose transporter,lactose,lactose ABC transporter permease [Chroococcidiopsis sp. CCALA 051],🟢 Confirmed,PSM48272.1,Organism: Chroococcidiopsis sp. CCALA 051 | Strain: CCALA 051 | Isolation source: freshwater | Db xref: taxon:869949 | Geo loc name: Slovakia: Belianske Tatry | Collection date: 1962
Chroococcidiopsis cubana CCALA 043,lactose transporter,lactose,lactose ABC transporter permease [Chroococcidiopsis cubana CCALA 043],🟢 Confirmed,PSB60519.1,Organism: Chroococcidiopsis cubana CCALA 043 | Strain: CCALA 043 | Isolation source: mineral spring | Type material: reference strain of Chroococcidiopsis cubana | Db xref: taxon:2107689 | Geo loc name: Cuba: mineral spring in Santa Fe | Collection date: 1965
Chamaesiphon polymorphus CCALA 037,lactose transporter,lactose,lactose ABC transporter permease [Chamaesiphon polymorphus CCALA 037],🟢 Confirmed,PSB56485.1,Organism: Chamaesiphon polymorphus CCALA 037 | Strain: CCALA 037 | Isolation source: freshwater lake | Db xref: taxon:2107692 | Geo loc name: Austria: lake in Milstatter See | Collection date: 1925
Aphanothece cf. minutissima CCALA 015,lactose transporter,lactose,lactose ABC transporter permease [Aphanothece cf. minutissima CCALA 015],🟢 Confirmed,PSB38791.1,Organism: Aphanothece cf. minutissima CCALA 015 | Strain: CCALA 015 | Isolation source: freshwater pond | Db xref: taxon:2107695 | Geo loc name: Czech Republic: pond in Trebon | Collection date: 1994
Chlorogloea sp. CCALA 695,lactose transporter,lactose,lactose ABC transporter permease [Chlorogloea sp. CCALA 695],🟢 Confirmed,PSB34761.1,Organism: Chlorogloea sp. CCALA 695 | Strain: CCALA 695 | Isolation source: freshwater | Db xref: taxon:2107693 | Geo loc name: Canada: Ellesmere Island | Collection date: 1991
Stenomitos frigidus ULC18,lactose transporter,lactose,lactose ABC transporter permease [Stenomitos frigidus ULC18],🟢 Confirmed,PSB27832.1,"Organism: Stenomitos frigidus ULC18 | Strain: ULC18 | Isolation source: freshwater lake | Db xref: taxon:2107698 | Geo loc name: Antarctica: Larsemann Hills, Lake 53 | Lat lon: 69.40 S 76.38 E | Collection date: 2006"
Pleurocapsa sp. CCALA 161,lactose transporter,lactose,lactose ABC transporter permease [Pleurocapsa sp. CCALA 161],🟢 Confirmed,PSB12087.1,Organism: Pleurocapsa sp. CCALA 161 | Strain: CCALA 161 | Isolation source: freshwater lake | Db xref: taxon:2107688 | Geo loc name: Slovakia: lake in Vysoke Tatry | Collection date: 1970
Merismopedia glauca CCAP 1448/3,lactose transporter,lactose,lactose ABC transporter permease [Merismopedia glauca CCAP 1448/3],🟢 Confirmed,PSB01844.1,Organism: Merismopedia glauca CCAP 1448/3 | Strain: CCAP 1448/3 | Isolation source: freshwater | Db xref: taxon:1296344 | Geo loc name: Norway: freshwater in Svalbard | Collection date: 1982
Chroococcidiopsis sp. TS-821,lactose transporter,lactose,lactose ABC transporter permease [Chroococcidiopsis sp. TS-821],🟢 Confirmed,PPS45814.1,Organism: Chroococcidiopsis sp. TS-821 | Strain: TS-821 | Isolation source: Hot Springs | Db xref: taxon:1378066 | Geo loc name: Thailand: Chiang Mai | Collection date: 1993
Nostoc sp. CENA543,lactose transporter,lactose,lactose ABC transporter permease [Nostoc sp. CENA543],🟢 Confirmed,AUS99094.1,Organism: Nostoc sp. CENA543 | Strain: CENA543 | Isolation source: Brazilian saline-alkaline lake | Db xref: taxon:1869241 | Geo loc name: Brazil | Collection date: 03-Sep-2010
Cylindrospermopsis raciborskii S01,lactose transporter,lactose,lactose ABC transporter permease [Cylindrospermopsis raciborskii S01],🟢 Confirmed,PNK20616.1,"Organism: Cylindrospermopsis raciborskii S01 | Strain: S01 | Isolation source: freshwater | Db xref: taxon:2014878 | Geo loc name: Australia: Queensland, Lake Wivenhoe | Collection date: 16-Jan-2013 | Collected by: Burford Lab, Australian Rivers Institute, Griffith University"
Cylindrospermopsis raciborskii S05,lactose transporter,lactose,lactose ABC transporter permease [Cylindrospermopsis raciborskii S05],🟢 Confirmed,PNK18484.1,"Organism: Cylindrospermopsis raciborskii S05 | Strain: S05 | Isolation source: freshwater | Db xref: taxon:2014879 | Geo loc name: Australia: Queensland, Lake Wivenhoe | Collection date: 16-Jan-2013 | Collected by: Burford Lab, Australian Rivers Institute, Griffith University"
Cylindrospermopsis raciborskii S06,lactose transporter,lactose,lactose ABC transporter permease [Cylindrospermopsis raciborskii S06],🟢 Confirmed,PNK17636.1,"Organism: Cylindrospermopsis raciborskii S06 | Strain: S06 | Isolation source: freshwater | Db xref: taxon:2014880 | Geo loc name: Australia: Queensland, Lake Wivenhoe | Collection date: 16-Jan-2013 | Collected by: Burford Lab, Australian Rivers Institute, Griffith University"
Cylindrospermopsis raciborskii S14,lactose transporter,lactose,lactose ABC transporter permease [Cylindrospermopsis raciborskii S14],🟢 Confirmed,PNK08116.1,"Organism: Cylindrospermopsis raciborskii S14 | Strain: S14 | Isolation source: freshwater | Db xref: taxon:2014883 | Geo loc name: Australia: Queensland, Lake Wivenhoe | Collection date: 16-Jan-2013 | Collected by: Burford Lab, Australian Rivers Institute, Griffith University"
Cylindrospermopsis raciborskii S07,lactose transporter,lactose,lactose ABC transporter permease [Cylindrospermopsis raciborskii S07],🟢 Confirmed,PNK07965.1,"Organism: Cylindrospermopsis raciborskii S07 | Strain: S07 | Isolation source: freshwater | Db xref: taxon:2014881 | Geo loc name: Australia: Queensland, Lake Wivenhoe | Collection date: 16-Jan-2013"
Cylindrospermopsis raciborskii S10,lactose transporter,lactose,lactose ABC transporter permease [Cylindrospermopsis raciborskii S10],🟢 Confirmed,PNK06827.1,"Organism: Cylindrospermopsis raciborskii S10 | Strain: S10 | Isolation source: freshwater | Db xref: taxon:2014882 | Geo loc name: Australia: Queensland, Lake Wivenhoe | Collection date: 16-Jan-2013 | Collected by: Burford Lab, Australian Rivers Institute, Griffith University"
Fischerella thermalis CCMEE 5201,lactose transporter,lactose,lactose ABC transporter permease [Fischerella thermalis CCMEE 5201],🟢 Confirmed,PMB47855.1,Organism: Fischerella thermalis CCMEE 5201 | Strain: CCMEE 5201 | Isolation source: hot spring | Db xref: taxon:2019672 | Geo loc name: New Zealand: Waitangi Springs | Collection date: 01-Feb-1998
Fischerella thermalis CCMEE 5205,lactose transporter,lactose,lactose ABC transporter permease [Fischerella thermalis CCMEE 5205],🟢 Confirmed,PMB44091.1,Organism: Fischerella thermalis CCMEE 5205 | Strain: CCMEE 5205 | Isolation source: hot spring | Db xref: taxon:2019671 | Geo loc name: Oman | Collection date: 1989
Fischerella thermalis CCMEE 5318,lactose transporter,lactose,lactose ABC transporter permease [Fischerella thermalis CCMEE 5318],🟢 Confirmed,PMB24286.1,Organism: Fischerella thermalis CCMEE 5318 | Strain: CCMEE 5318 | Isolation source: hot spring | Db xref: taxon:2019666 | Geo loc name: El Salvador | Collection date: Aug-1970
Fischerella thermalis CCMEE 5198,lactose transporter,lactose,lactose ABC transporter permease [Fischerella thermalis CCMEE 5198],🟢 Confirmed,PMB19495.1,Organism: Fischerella thermalis CCMEE 5198 | Strain: CCMEE 5198 | Isolation source: hot spring | Db xref: taxon:2019667 | Geo loc name: New Zealand: Ohinemutu | Collection date: Dec-1969
Fischerella thermalis CCMEE 5319,lactose transporter,lactose,lactose ABC transporter permease [Fischerella thermalis CCMEE 5319],🟢 Confirmed,PMB17186.1,Organism: Fischerella thermalis CCMEE 5319 | Strain: CCMEE 5319 | Isolation source: hot spring | Db xref: taxon:2019665 | Geo loc name: Guatemala: Lake Amatitlan | Collection date: 05-Feb-1970
Fischerella thermalis CCMEE 5196,lactose transporter,lactose,lactose ABC transporter permease [Fischerella thermalis CCMEE 5196],🟢 Confirmed,PMB07517.1,Organism: Fischerella thermalis CCMEE 5196 | Strain: CCMEE 5196 | Isolation source: hot spring | Db xref: taxon:2026245 | Geo loc name: New Zealand: Ohinemutu | Collection date: Dec-1969
Fischerella thermalis CCMEE 5268,lactose transporter,lactose,lactose ABC transporter permease [Fischerella thermalis CCMEE 5268],🟢 Confirmed,PLZ96542.1,"Organism: Fischerella thermalis CCMEE 5268 | Strain: CCMEE 5268 | Isolation source: hot spring | Db xref: taxon:2019662 | Geo loc name: USA: Chena Hot Springs, Alaska | Collection date: Aug-1976"
Fischerella thermalis CCMEE 5194,lactose transporter,lactose,lactose ABC transporter permease [Fischerella thermalis CCMEE 5194],🟢 Confirmed,PLZ92214.1,Organism: Fischerella thermalis CCMEE 5194 | Strain: CCMEE 5194 | Isolation source: hot spring | Db xref: taxon:2026246 | Geo loc name: Chile: Puyeohe Springs | Collection date: 1998
Fischerella thermalis WC439,lactose transporter,lactose,lactose ABC transporter permease [Fischerella thermalis WC439],🟢 Confirmed,PLZ57801.1,Organism: Fischerella thermalis WC439 | Strain: WC439 | Isolation source: geothermally-influenced stream | Db xref: taxon:1521418 | Geo loc name: USA: Yellowstone National Park | Collection date: 11-Sep-2004
Fischerella thermalis WC442,lactose transporter,lactose,lactose ABC transporter permease [Fischerella thermalis WC442],🟢 Confirmed,PLZ52877.1,Organism: Fischerella thermalis WC442 | Strain: WC442 | Isolation source: geothermally-influenced stream | Db xref: taxon:1521420 | Geo loc name: USA: Yellowstone National Park | Collection date: 11-Sep-2004
Fischerella thermalis WC558,lactose transporter,lactose,lactose ABC transporter permease [Fischerella thermalis WC558],🟢 Confirmed,PLZ32400.1,Organism: Fischerella thermalis WC558 | Strain: WC558 | Isolation source: geothermally-influenced stream | Db xref: taxon:1521425 | Geo loc name: USA: Yellowstone National Park | Collection date: 11-Sep-2004
Fischerella thermalis WC542,lactose transporter,lactose,lactose ABC transporter permease [Fischerella thermalis WC542],🟢 Confirmed,PLZ30794.1,Organism: Fischerella thermalis WC542 | Strain: WC542 | Isolation source: geothermally-influenced stream | Db xref: taxon:1891711 | Geo loc name: USA: Yellowstone National Park | Collection date: 11-Sep-2004
Fischerella thermalis WC341,lactose transporter,lactose,lactose ABC transporter permease [Fischerella thermalis WC341],🟢 Confirmed,PLZ23064.1,Organism: Fischerella thermalis WC341 | Strain: WC341 | Isolation source: geothermally-influenced stream | Db xref: taxon:1521413 | Geo loc name: USA: Yellowstone National Park | Collection date: 11-Sep-2004
Fischerella thermalis WC559,lactose transporter,lactose,lactose ABC transporter permease [Fischerella thermalis WC559],🟢 Confirmed,PLZ22153.1,Organism: Fischerella thermalis WC559 | Strain: WC559 | Isolation source: geothermally-influenced stream | Db xref: taxon:1521426 | Geo loc name: USA: Yellowstone National Park | Collection date: 11-Sep-2004
Gloeocapsopsis sp. IPPAS B-1203,lactose transporter,lactose,lactose ABC transporter permease [Gloeocapsopsis sp. IPPAS B-1203],🟢 Confirmed,PIG90711.1,Organism: Gloeocapsopsis sp. IPPAS B-1203 | Strain: IPPAS B-1203 | Isolation source: Hot Spring Karlovy Vary | Culture collection: IPPAS:B-1203 | Db xref: taxon:2049454 | Geo loc name: Czech Republic: Karlovy Vary | Lat lon: 50.2243 N 12.9273 E | Altitude: 447 m | Collection date: 2013 | Collected by: Bolatkhan
Limnothrix sp. PR1529,lactose transporter,lactose,lactose ABC transporter permease [Limnothrix sp. PR1529],🟢 Confirmed,PIB04274.1,Organism: Limnothrix sp. PR1529 | Strain: PR1529 | Isolation source: freshwater reservoir | Db xref: taxon:1704291 | Geo loc name: Singapore | Collection date: 2015
Synechococcus sp. Baikal-G1,lactose transporter,lactose,MAG: lactose ABC transporter permease [Synechococcus sp. Baikal-G1],🟢 Confirmed,PHX87547.1,Organism: Synechococcus sp. Baikal-G1 | Isolate: Baikal-G1 | Isolation source: water samples from two horizons (5 m and 20 m) were filtered through the net (size 27-um) and then filtered through nitrocellulose filters with a pore size of 0.22 um | Db xref: taxon:2026890 | Environmental sample:  | Geo loc name: Russia: Lake Baikal | Lat lon: 51.7874 N 104.9391 E | Collection date: 14-Mar-2016 | Metagenome source: lake water metagenome | Note: metagenomic
Cyanobacterium aponinum IPPAS B-1201,lactose transporter,lactose,lactose ABC transporter permease [Cyanobacterium aponinum IPPAS B-1201],🟢 Confirmed,PHV61413.1,Organism: Cyanobacterium aponinum IPPAS B-1201 | Strain: IPPAS B-1201 | Isolation source: hot spring | Culture collection: IPPAS:B-1201 | Db xref: taxon:2047986 | Geo loc name: Kazakhstan: Turgen | Lat lon: 43.3988 N 77.50 E | Collection date: 2013
Nostoc sp. 'Peltigera malacea cyanobiont' DB3992,lactose transporter,lactose,lactose ABC transporter permease [Nostoc sp. 'Peltigera malacea cyanobiont' DB3992],🟢 Confirmed,PHM08083.1,"Organism: Nostoc sp. 'Peltigera malacea cyanobiont' DB3992 | Isolate: DB3992 | Isolation source: lichen thallus | Host: Peltigera malacea | Db xref: taxon:1206980 | Geo loc name: Canada: Little Fort, British Columbia | Lat lon: 51.625 N 120.15 W | Collection date: 25-Sep-2008 | Collected by: Vivian Miao | Identified by: Vivian Miao"
Nostoc linckia z16,lactose transporter,lactose,lactose ABC transporter permease [Nostoc linckia z16],🟢 Confirmed,PHK41817.1,Organism: Nostoc linckia z16 | Strain: z16 | Db xref: taxon:1628751 | Geo loc name: Israel | Collection date: 1998
Nostoc linckia z18,lactose transporter,lactose,lactose ABC transporter permease [Nostoc linckia z18],🟢 Confirmed,PHK36019.1,Organism: Nostoc linckia z18 | Strain: z18 | Db xref: taxon:1628752 | Geo loc name: Israel | Collection date: 1998
Nostoc linckia z15,lactose transporter,lactose,lactose ABC transporter permease [Nostoc linckia z15],🟢 Confirmed,PHK27662.1,Organism: Nostoc linckia z15 | Strain: z15 | Db xref: taxon:1628750 | Geo loc name: Israel | Collection date: 1998
Nostoc linckia z13,lactose transporter,lactose,lactose ABC transporter permease [Nostoc linckia z13],🟢 Confirmed,PHK17930.1,Organism: Nostoc linckia z13 | Strain: z13 | Db xref: taxon:1628748 | Geo loc name: Israel | Collection date: 1998
Nostoc linckia z14,lactose transporter,lactose,lactose ABC transporter permease [Nostoc linckia z14],🟢 Confirmed,PHK14640.1,Organism: Nostoc linckia z14 | Strain: z14 | Db xref: taxon:1628749 | Geo loc name: Israel | Collection date: 1998
Nostoc linckia z9,lactose transporter,lactose,lactose ABC transporter permease [Nostoc linckia z9],🟢 Confirmed,PHK08824.1,Organism: Nostoc linckia z9 | Strain: z9 | Db xref: taxon:1628747 | Geo loc name: Israel | Collection date: 1998
Nostoc linckia z8,lactose transporter,lactose,lactose ABC transporter permease [Nostoc linckia z8],🟢 Confirmed,PHK06305.1,Organism: Nostoc linckia z8 | Strain: z8 | Db xref: taxon:1628746 | Geo loc name: Israel | Collection date: 1998
Nostoc linckia z7,lactose transporter,lactose,lactose ABC transporter permease [Nostoc linckia z7],🟢 Confirmed,PHJ88884.1,Organism: Nostoc linckia z7 | Strain: z7 | Db xref: taxon:1628745 | Geo loc name: Israel | Collection date: 1998
Nostoc linckia z6,lactose transporter,lactose,lactose ABC transporter permease [Nostoc linckia z6],🟢 Confirmed,PHJ88355.1,Organism: Nostoc linckia z6 | Strain: z6 | Db xref: taxon:1628744 | Geo loc name: Israel | Collection date: 1998
Nostoc linckia z4,lactose transporter,lactose,lactose ABC transporter permease [Nostoc linckia z4],🟢 Confirmed,PHJ82376.1,Organism: Nostoc linckia z4 | Strain: z4 | Db xref: taxon:1628743 | Geo loc name: Israel | Collection date: 1998
Nostoc linckia z3,lactose transporter,lactose,lactose ABC transporter permease [Nostoc linckia z3],🟢 Confirmed,PHJ69356.1,Organism: Nostoc linckia z3 | Strain: z3 | Db xref: taxon:1628742 | Geo loc name: Israel | Collection date: 1998
Nostoc linckia z1,lactose transporter,lactose,lactose ABC transporter permease [Nostoc linckia z1],🟢 Confirmed,PHJ63750.1,Organism: Nostoc linckia z1 | Strain: z1 | Db xref: taxon:1612423 | Geo loc name: Israel | Collection date: 1998
Nostoc linckia z2,lactose transporter,lactose,lactose ABC transporter permease [Nostoc linckia z2],🟢 Confirmed,PHJ58525.1,Organism: Nostoc linckia z2 | Strain: z2 | Db xref: taxon:1628741 | Geo loc name: Israel | Collection date: 1998
Brunnivagina elsteri CCALA 953,lactose transporter,lactose,lactose ABC transporter permease [Brunnivagina elsteri CCALA 953],🟢 Confirmed,PAX57196.1,"Organism: Brunnivagina elsteri CCALA 953 | Strain: CCALA 953 | Isolation source: Microbial mat BL2 | Culture collection: CCALA:953 | Type material: culture from type material of Calothrix elsteri | Db xref: taxon:987040 | Geo loc name: Antarctica: James Ross Island, Black Lake | Lat lon: 63.9033 S 57.7803 W | Collection date: 2008 | Collected by: Shokhousova & Elster | Identified by: Komarek, Nedbalova & Hauer"
Pseudanabaena sp. SR411,lactose transporter,lactose,lactose ABC transporter permease [Pseudanabaena sp. SR411],🟢 Confirmed,OYQ62955.1,"Organism: Pseudanabaena sp. SR411 | Strain: SR411 | Isolation source: water | Db xref: taxon:1980935 | Geo loc name: USA: Union County, Susquehanna River | Collection date: Apr-2011 | Collected by: Drs. W and E Stowe | Identified by: Emma Hundermark"
Nostoc sp. 'Peltigera membranacea cyanobiont' 232,lactose transporter,lactose,lactose ABC transporter permease [Nostoc sp. 'Peltigera membranacea cyanobiont' 232],🟢 Confirmed,OYE04399.1,"Organism: Nostoc sp. 'Peltigera membranacea cyanobiont' 232 | Strain: 232 | Isolation source: thallus | Host: Peltigera membranacea | Db xref: taxon:2014531 | Geo loc name: Iceland: Eldgja, brink | Lat lon: 63.9600 N 18.6135 W | Altitude: 590 m | Collection date: 11-Jul-2012 | Collected by: Olafur S. Andresson"
Nostoc sp. 'Peltigera membranacea cyanobiont' 210A,lactose transporter,lactose,lactose ABC transporter permease [Nostoc sp. 'Peltigera membranacea cyanobiont' 210A],🟢 Confirmed,OYD92023.1,"Organism: Nostoc sp. 'Peltigera membranacea cyanobiont' 210A | Strain: 210A | Isolation source: thallus | Host: Peltigera membranacea | Db xref: taxon:2014529 | Geo loc name: Iceland: Thveras 21, Reykjavik | Lat lon: 64.10423 N 21.78067 W | Altitude: 92 m | Collection date: 21-Jun-2012 | Collected by: Olafur S. Andresson"
Nostoc sp. 'Peltigera membranacea cyanobiont' 213,lactose transporter,lactose,lactose ABC transporter permease [Nostoc sp. 'Peltigera membranacea cyanobiont' 213],🟢 Confirmed,OYD87141.1,"Organism: Nostoc sp. 'Peltigera membranacea cyanobiont' 213 | Strain: 213 | Isolation source: thallus | Host: Peltigera membranacea | Db xref: taxon:2014530 | Geo loc name: Iceland: Thveras 21, Reykjavik | Lat lon: 64.10423 N 21.78067 W | Altitude: 92 m | Collection date: 21-Jun-2012 | Collected by: Olafur S. Andresson"
Synechococcus sp. TMED205,lactose transporter,lactose,MAG: lactose ABC transporter permease [Synechococcus sp. TMED205],🟢 Confirmed,OUW68215.1,Organism: Synechococcus sp. TMED205 | Isolate: TMED205 | Isolation source: seawater | Db xref: taxon:1986598 | Environmental sample:  | Geo loc name: Mediterranean Sea | Collection date: 2009 | Collected by: Tara Oceans Consortium | Metagenome source: marine metagenome | Note: metagenomic
Synechococcus sp. TMED187,lactose transporter,lactose,MAG: lactose ABC transporter permease [Synechococcus sp. TMED187],🟢 Confirmed,OUW46705.1,Organism: Synechococcus sp. TMED187 | Isolate: TMED187 | Isolation source: seawater | Db xref: taxon:1986595 | Environmental sample:  | Geo loc name: Mediterranean Sea | Collection date: 2009 | Collected by: Tara Oceans Consortium | Metagenome source: marine metagenome | Note: metagenomic
Synechococcus sp. TMED169,lactose transporter,lactose,MAG: lactose ABC transporter permease [Synechococcus sp. TMED169],🟢 Confirmed,OUW25957.1,Organism: Synechococcus sp. TMED169 | Isolate: TMED169 | Isolation source: seawater | Db xref: taxon:1986593 | Environmental sample:  | Geo loc name: Mediterranean Sea | Collection date: 2009 | Collected by: Tara Oceans Consortium | Metagenome source: marine metagenome | Note: metagenomic
Synechococcus sp. TMED19,lactose transporter,lactose,MAG: lactose ABC transporter permease [Synechococcus sp. TMED19],🟢 Confirmed,OUT72662.1,Organism: Synechococcus sp. TMED19 | Isolate: TMED19 | Isolation source: seawater | Db xref: taxon:1986596 | Environmental sample:  | Geo loc name: Mediterranean Sea | Collection date: 2009 | Collected by: Tara Oceans Consortium | Metagenome source: marine metagenome | Note: metagenomic
Nostocales cyanobacterium HT-58-2,lactose transporter,lactose,lactose ABC transporter permease [Nostocales cyanobacterium HT-58-2],🟢 Confirmed,ARV59941.1,"Organism: Nostocales cyanobacterium HT-58-2 | Strain: HT-58-2 | Isolation source: Nan Madol, Pohnpei soil | Db xref: taxon:1940762 | Geo loc name: Micronesia:Pohnpei | Collection date: 1988 | Collected by: Moore and Patterson, University of Hawaii"
Nostoc sp. T09,lactose transporter,lactose,lactose ABC transporter permease [Nostoc sp. T09],🟢 Confirmed,OUL34237.1,"Organism: Nostoc sp. T09 | Strain: T09 | Isolation source: Coralloid roots | Host: Dioon caputoi | Db xref: taxon:1932621 | Geo loc name: Mexico: Valle de Teahuacan, Puebla | Collection date: 2014 | Collected by: Angelica Cibrian Jaramillo | Identified by: Pablo Cruz Morales"
Nostoc sp. 106C,lactose transporter,lactose,lactose ABC transporter permease [Nostoc sp. 106C],🟢 Confirmed,OUL28903.1,"Organism: Nostoc sp. 106C | Strain: 106C | Isolation source: coralloid roots | Host: Dioon merolae | Db xref: taxon:1932667 | Geo loc name: Mexico: Jiquipilas, Chiapas | Lat lon: 16.655 N 92.39972222 W | Altitude: 560 m | Collection date: 2014 | Collected by: Angelica Cibrian Jaramillo | Identified by: Pablo Cruz Morales"
Nostoc sp. RF31YmG,lactose transporter,lactose,lactose ABC transporter permease [Nostoc sp. RF31YmG],🟢 Confirmed,OUL24191.1,"Organism: Nostoc sp. RF31YmG | Strain: RF31YmG | Isolation source: coralloid roots | Host: Dioon merolae | Db xref: taxon:1932668 | Geo loc name: Mexico: Rayundo Flores, Tonala, Chiapas | Lat lon: 16.02611 N 93.5991666 W | Altitude: 900 m | Collection date: 2014 | Collected by: Angelica Cibrian Jaramillo | Identified by: Pablo Cruz Morales"
Alkalinema sp. CACIAM 70d,lactose transporter,lactose,MAG: lactose ABC transporter permease [Alkalinema sp. CACIAM 70d],🟢 Confirmed,OUC12115.1,Organism: Alkalinema sp. CACIAM 70d | Isolate: CACIAM 70d | Isolation source: non-axenic culture of unicellular cyanobacterium started from freshwater lake | Db xref: taxon:1934309 | Environmental sample:  | Geo loc name: Brazil: Tucurui | Lat lon: 3.856 S 49.623 W | Collection date: 21-Oct-2011 | Metagenome source: freshwater metagenome | Note: metagenomic
Cylindrospermopsis raciborskii CENA303,lactose transporter,lactose,lactose ABC transporter permease [Cylindrospermopsis raciborskii CENA303],🟢 Confirmed,OSO94578.1,"Organism: Cylindrospermopsis raciborskii CENA303 | Strain: CENA303 | Isolation source: Dick lake | Db xref: taxon:1170769 | Geo loc name: Brazil: Theobaldo Dick lake, Lajeado, RS | Collection date: 03-Jul-2009"
Anabaena sp. WA102,lactose transporter,lactose,lactose ABC transporter permease [Anabaena sp. WA102],🟢 Confirmed,ALB41571.1,"Organism: Anabaena sp. WA102 | Strain: WA102 | Isolation source: Anderson Lake | Db xref: taxon:1647413 | Geo loc name: USA: Washington State | Collection date: 20-May-2013 | Collected by: Jefferson County, WA Department of Public Health"
Cylindrospermopsis raciborskii CENA302,lactose transporter,lactose,lactose ABC transporter permease [Cylindrospermopsis raciborskii CENA302],🟢 Confirmed,OPH10355.1,"Organism: Cylindrospermopsis raciborskii CENA302 | Strain: CENA302 | Isolation source: freshwater | Db xref: taxon:1170768 | Geo loc name: Brazil: Billings Reservoir, Sao Bernardo do Campo, SP | Collection date: May-2008"
Candidatus Synechococcus spongiarum LMB bulk15N,lactose transporter,lactose,lactose ABC transporter permease [Candidatus Synechococcus spongiarum LMB bulk15N],🟢 Confirmed,OOV36237.1,"Organism: Candidatus Synechococcus spongiarum LMB bulk15N | Isolate: LMB bulk15N | Isolation source: few separated cells obtained by FACS sorting: DNA amplified by MDA; pinacoderm | Host: Aplysina aerophoba SAPs15 | Db xref: taxon:1943583 | Geo loc name: Slovenia: near Marine Biology Institute, Piran | Collection date: 07-May-2013"
Synechococcus lacustris str. Tous,lactose transporter,lactose,MAG: lactose ABC transporter permease [Synechococcus lacustris str. Tous],🟢 Confirmed,OON13173.1,Organism: Synechococcus lacustris str. Tous | Strain: Tous | Isolate: Tous | Isolation source: freshwater reservoir from 12m and 25m depth | Type material: type strain of Synechococcus lacustris | Db xref: taxon:1910958 | Environmental sample:  | Geo loc name: Spain: Tous (Valencia) | Lat lon: 39.14 N 0.65 W | Collection date: 20-Feb-2015 | Metagenome source: freshwater metagenome | Note: metagenomic
Scytonema sp. HK-05,lactose transporter,lactose,lactose ABC transporter permease [Scytonema sp. HK-05],🟢 Confirmed,OKH59302.1,"Organism: Scytonema sp. HK-05 | Strain: HK-05 | Isolation source: soil | Culture collection: NIES:2130 | Db xref: taxon:1137095 | Geo loc name: Japan: Hyogo Harima Campus for Science, Univrersity of Hyogo | Lat lon: 34.67 N 135.039 E | Collection date: 2002"
Phormidium tenue NIES-30,lactose transporter,lactose,lactose ABC transporter permease [Phormidium tenue NIES-30],🟢 Confirmed,OKH45921.1,Organism: Phormidium tenue NIES-30 | Strain: NIES-30 | Isolation source: water | Culture collection: NIES:30 | Db xref: taxon:549789 | Geo loc name: Japan: Akita | Lat lon: 39.65 N 139.9800 E | Collection date: 1977
Calothrix sp. HK-06,lactose transporter,lactose,lactose ABC transporter permease [Calothrix sp. HK-06],🟢 Confirmed,OKH29735.1,"Organism: Calothrix sp. HK-06 | Strain: HK-06 | Isolation source: soil | Culture collection: NIES:2101 | Db xref: taxon:1137096 | Geo loc name: Japan: Hyogo Harima Campus for Science, Univrersity of Hyogo | Lat lon: 34.67 N 135.039 E | Collection date: 2002"
[Phormidium ambiguum] IAM M-71,lactose transporter,lactose,lactose ABC transporter permease [[Phormidium ambiguum] IAM M-71],🟢 Confirmed,OKH29726.1,Organism: [Phormidium ambiguum] IAM M-71 | Strain: IAM M-71 | Isolation source: water | Culture collection: NIES:2119 | Db xref: taxon:454136 | Geo loc name: Japan | Lat lon: 36.04 N 140.12 E | Collection date: 1986
Chroogloeocystis siderophila 5.2 s.c.1,lactose transporter,lactose,lactose ABC transporter permease [Chroogloeocystis siderophila 5.2 s.c.1],🟢 Confirmed,OKH28512.1,Organism: Chroogloeocystis siderophila 5.2 s.c.1 | Strain: 5.2 s.c.1 | Isolation source: water | Culture collection: NIES:1031 | Type material: reference strain of Chroogloeocystis siderophila | Db xref: taxon:247279 | Geo loc name: USA: Montana La Duke Hot Spring | Lat lon: 45.01 N 110.75 W | Collection date: Jul-2001
Hydrococcus rivularis NIES-593,lactose transporter,lactose,lactose ABC transporter permease [Hydrococcus rivularis NIES-593],🟢 Confirmed,OKH21081.1,"Organism: Hydrococcus rivularis NIES-593 | Strain: NIES-593 | Isolation source: water | Culture collection: NIES:593 | Db xref: taxon:1921803 | Geo loc name: Japan: Hagiwara, Tomiji | Lat lon: 39.27 N 140.76 E | Collection date: 1990-09-09"
Nostoc calcicola FACHB-389,lactose transporter,lactose,lactose ABC transporter permease [Nostoc calcicola FACHB-389],🟢 Confirmed,OKH20189.1,Organism: Nostoc calcicola FACHB-389 | Strain: FACHB-389 | Isolation source: soil | Db xref: taxon:1357508 | Geo loc name: Netherlands: Utrecht | Lat lon: 52.01 N 4.9400 E | Collection date: May-1952
[Limnothrix rosea] IAM M-220,lactose transporter,lactose,lactose ABC transporter permease [[Limnothrix rosea] IAM M-220],🟢 Confirmed,OKH18788.1,Organism: [Limnothrix rosea] IAM M-220 | Strain: IAM M-220 | Isolation source: water | Culture collection: NIES:208 | Db xref: taxon:454133 | Geo loc name: Japan: Nagasaki Asaji Bay | Lat lon: 34.32 N 129.25 E | Collection date: 19-Aug-1983
Fischerella major NIES-592,lactose transporter,lactose,lactose ABC transporter permease [Fischerella major NIES-592],🟢 Confirmed,OKH15338.1,"Organism: Fischerella major NIES-592 | Strain: NIES-592 | Isolation source: water | Culture collection: NIES:592 | Db xref: taxon:210994 | Geo loc name: Japan: Hagiwara, Tomiji | Lat lon: 39.27 N 140.76 E | Collection date: 1990-09-09"
Roseofilum reptotaenium AO1-A,lactose transporter,lactose,lactose ABC transporter permease [Roseofilum reptotaenium AO1-A],🟢 Confirmed,OJJ15498.1,Organism: Roseofilum reptotaenium AO1-A | Isolate: AO1-A | Isolation source: non-axenic enrichment culture inoculated from diseased coral | Host: Pavona duerdeni | Db xref: taxon:1925591 | Environmental sample:  | Geo loc name: Australia: Central Great Barrier Reef | Collection date: Jun-2013 | Note: metagenomic
Cyanobium sp. CACIAM 14,lactose transporter,lactose,MAG: lactose ABC transporter permease [Cyanobium sp. CACIAM 14],🟢 Confirmed,KEF42774.1,"Organism: Cyanobium sp. CACIAM 14 | Isolation source: 5 liters of water from the Tucurui Power Plant Reservoir, point M5 collected 50cm beneath the lake surface, then filtered by negative pressure for posterior culture in BG-11 medium | Db xref: taxon:1496688 | Environmental sample:  | Geo loc name: Brazil | Lat lon: 3.7632 S 49.6836 W | Collection date: 21-Oct-2011 | Metagenome source: freshwater metagenome | Note: metagenomic"
Oscillatoriales cyanobacterium CG2_30_44_21,lactose transporter,lactose,MAG: lactose ABC transporter permease [Oscillatoriales cyanobacterium CG2_30_44_21],🟢 Confirmed,OIP69247.1,"Organism: Oscillatoriales cyanobacterium CG2_30_44_21 | Isolate: CG2_30_44_21 | Isolation source: groundwater filtered through a 3.0 um filter | Db xref: taxon:1805292 | Environmental sample:  | Geo loc name: USA: Crystal Geyser near Green River, Utah | Lat lon: 38.56 N 110.8 W | Collection date: 08-Nov-2009 | Metagenome source: groundwater metagenome | Note: metagenomic"
Oscillatoriales cyanobacterium CG2_30_40_61,lactose transporter,lactose,MAG: lactose ABC transporter permease [Oscillatoriales cyanobacterium CG2_30_40_61],🟢 Confirmed,OIP67049.1,"Organism: Oscillatoriales cyanobacterium CG2_30_40_61 | Isolate: CG2_30_40_61 | Isolation source: groundwater filtered through a 3.0 um filter | Db xref: taxon:1805291 | Environmental sample:  | Geo loc name: USA: Crystal Geyser near Green River, Utah | Lat lon: 38.56 N 110.8 W | Collection date: 08-Nov-2009 | Metagenome source: groundwater metagenome | Note: metagenomic"
Cylindrospermopsis raciborskii MVCC14,lactose transporter,lactose,lactose ABC transporter permease [Cylindrospermopsis raciborskii MVCC14],🟢 Confirmed,OHY31410.1,Organism: Cylindrospermopsis raciborskii MVCC14 | Strain: MVCC14 | Isolation source: freshwater | Db xref: taxon:940191 | Geo loc name: Uruguay: Laguna Blanca
Nostoc sp. KVJ20,lactose transporter,lactose,lactose ABC transporter permease [Nostoc sp. KVJ20],🟢 Confirmed,ODG99339.1,"Organism: Nostoc sp. KVJ20 | Strain: KVJ20 | Isolation source: Symbiotic tissue of Blasia pusilla L. | Host: Blasia pusilla L. | Db xref: taxon:457944 | Geo loc name: Norway: Troms, Kvaloya island | Lat lon: 69.62 N 18.81 E | Collection date: 20-Aug-2006"
Limnothrix sp. P13C2,lactose transporter,lactose,lactose ABC transporter permease [Limnothrix sp. P13C2],🟢 Confirmed,OCQ91804.1,Organism: Limnothrix sp. P13C2 | Isolate: P13C2 | Isolation source: co-culture originated from a tropical freshwater lake | Db xref: taxon:1880902 | Environmental sample:  | Geo loc name: Singapore | Lat lon: 1.314389 N 103.74145299 E | Collection date: Dec-2013 | Note: metagenomic
Oscillatoriales cyanobacterium USR001,lactose transporter,lactose,lactose ABC transporter permease [Oscillatoriales cyanobacterium USR001],🟢 Confirmed,OCQ91701.1,Organism: Oscillatoriales cyanobacterium USR001 | Isolate: USR001 | Isolation source: co-culture originated from a tropical freshwater lake | Db xref: taxon:1880991 | Environmental sample:  | Geo loc name: Singapore | Lat lon: 1.401308 N 103.80671600 E | Collection date: Dec-2013 | Note: metagenomic
Nostoc sp. MBR 210,lactose transporter,lactose,lactose ABC transporter permease [Nostoc sp. MBR 210],🟢 Confirmed,OCQ89626.1,Organism: Nostoc sp. MBR 210 | Isolate: MBR 210 | Isolation source: co-culture originated from a tropical freshwater lake | Db xref: taxon:1881015 | Environmental sample:  | Geo loc name: Singapore | Lat lon: 1.29875 N 103.871488 E | Collection date: Dec-2013 | Note: metagenomic
Picosynechococcus sp. PCC 8807,lactose transporter,lactose,lactose ABC transporter permease [Picosynechococcus sp. PCC 8807],🟢 Confirmed,ANV89289.1,Organism: Picosynechococcus sp. PCC 8807 | Strain: PCC 8807 | Culture collection: PCC:8807 | Db xref: taxon:195248 | Geo loc name: USA: University Park | Collection date: 2010
Picosynechococcus sp. PCC 7117,lactose transporter,lactose,lactose ABC transporter permease [Picosynechococcus sp. PCC 7117],🟢 Confirmed,ANV86116.1,Organism: Picosynechococcus sp. PCC 7117 | Strain: PCC 7117 | Culture collection: PCC:7117 | Db xref: taxon:195498 | Geo loc name: USA: University Park | Collection date: 2010
Picosynechococcus sp. PCC 7003,lactose transporter,lactose,lactose ABC transporter permease [Picosynechococcus sp. PCC 7003],🟢 Confirmed,ANV83035.1,Organism: Picosynechococcus sp. PCC 7003 | Strain: PCC 7003 | Culture collection: PCC:7003 | Db xref: taxon:374981 | Geo loc name: USA: University Park | Collection date: 2010
Cylindrospermopsis raciborskii CS-505,lactose transporter,lactose,lactose ABC transporter permease [Cylindrospermopsis raciborskii CS-505],🟢 Confirmed,OBU75242.1,Organism: Cylindrospermopsis raciborskii CS-505 | Strain: CS505 | Isolation source: Freshwater Cyanobacterial Bloom | Db xref: taxon:533240 | Geo loc name: Australia: Sydney | Lat lon: 18.75 S 146.58000000 E | Altitude: 0 m | Collection date: 1996-02-01 | Collected by: CSIRO Marine and Atmospheric Research
Anabaena sp. MDT14b,lactose transporter,lactose,MAG: lactose ABC transporter permease [Anabaena sp. MDT14b],🟢 Confirmed,OBQ41762.1,"Organism: Anabaena sp. MDT14b | Isolate: MDT14b | Isolation source: lake water | Db xref: taxon:1710886 | Environmental sample:  | Geo loc name: USA: Upper Klamath Lake, OR | Collection date: 2014-06-04 | Metagenome source: freshwater metagenome | Note: metagenomic"
Aphanizomenon flos-aquae WA102,lactose transporter,lactose,MAG: lactose ABC transporter permease [Aphanizomenon flos-aquae WA102],🟢 Confirmed,OBQ38562.1,"Organism: Aphanizomenon flos-aquae WA102 | Isolate: WA102 | Isolation source: lake water | Db xref: taxon:1710896 | Environmental sample:  | Geo loc name: USA: Anderson Lake, WA | Collection date: 2013-05-20 | Metagenome source: freshwater metagenome | Note: metagenomic"
Anabaena sp. CRKS33,lactose transporter,lactose,MAG: lactose ABC transporter permease [Anabaena sp. CRKS33],🟢 Confirmed,OBQ34590.1,"Organism: Anabaena sp. CRKS33 | Isolate: CRKS33 | Isolation source: lake water | Db xref: taxon:1710888 | Environmental sample:  | Geo loc name: USA: Cheney Reservoir, WA | Collection date: 2013-08-30 | Metagenome source: freshwater metagenome | Note: metagenomic"
Aphanizomenon flos-aquae MDT14a,lactose transporter,lactose,MAG: lactose ABC transporter permease [Aphanizomenon flos-aquae MDT14a],🟢 Confirmed,OBQ30552.1,"Organism: Aphanizomenon flos-aquae MDT14a | Isolate: MDT14a | Isolation source: lake water | Db xref: taxon:1710895 | Environmental sample:  | Geo loc name: USA: Upper Klamath Lake, OR | Collection date: 2014-06-04 | Metagenome source: freshwater metagenome | Note: metagenomic"
Anabaena sp. WA113,lactose transporter,lactose,MAG: lactose ABC transporter permease [Anabaena sp. WA113],🟢 Confirmed,OBQ22343.1,"Organism: Anabaena sp. WA113 | Isolate: WA113 | Isolation source: lake water | Db xref: taxon:1710889 | Environmental sample:  | Geo loc name: USA: Cranberry Lake, WA | Collection date: 2014-08-11 | Metagenome source: freshwater metagenome | Note: metagenomic"
Aphanizomenon flos-aquae LD13,lactose transporter,lactose,MAG: lactose ABC transporter permease [Aphanizomenon flos-aquae LD13],🟢 Confirmed,OBQ18589.1,"Organism: Aphanizomenon flos-aquae LD13 | Isolate: MDT13 | Isolation source: non-pure culture | Db xref: taxon:1710894 | Environmental sample:  | Geo loc name: USA: Upper Klamath Lake, OR | Metagenome source: freshwater metagenome | Note: metagenomic"
Anabaena sp. AL93,lactose transporter,lactose,MAG: lactose ABC transporter permease [Anabaena sp. AL93],🟢 Confirmed,OBQ15030.1,"Organism: Anabaena sp. AL93 | Isolate: WA93 | Isolation source: non-pure culture | Db xref: taxon:1678133 | Environmental sample:  | Geo loc name: USA: American Lake, WA | Metagenome source: freshwater metagenome | Note: metagenomic"
Anabaena sp. LE011-02,lactose transporter,lactose,MAG: lactose ABC transporter permease [Anabaena sp. LE011-02],🟢 Confirmed,OBQ02862.1,Organism: Anabaena sp. LE011-02 | Isolate: 39865 | Isolation source: non-pure culture | Db xref: taxon:1710892 | Environmental sample:  | Metagenome source: freshwater metagenome | Note: metagenomic
Anabaena sp. AL09,lactose transporter,lactose,MAG: lactose ABC transporter permease [Anabaena sp. AL09],🟢 Confirmed,OBQ02451.1,Organism: Anabaena sp. AL09 | Isolate: 39864 | Isolation source: non-pure culture | Db xref: taxon:1710891 | Environmental sample:  | Metagenome source: freshwater metagenome | Note: metagenomic
Leptolyngbya valderiana BDU 20041,lactose transporter,lactose,lactose ABC transporter permease [Leptolyngbya valderiana BDU 20041],🟢 Confirmed,OAB60717.1,"Organism: Leptolyngbya valderiana BDU 20041 | Strain: BDU 20041 | Db xref: taxon:322866 | Geo loc name: India: Point Calimere, Bay of Bengal region, Tamil Nadu | Lat lon: 10.3025678 N 79.88113309 E | Altitude: 2 m | Collection date: 23-Feb-1987 | Collected by: National Facility for Marine Cyanobacteria | Identified by: Dr. N. Thajuddin"
Phormidium willei BDU 130791,lactose transporter,lactose,lactose ABC transporter permease [Phormidium willei BDU 130791],🟢 Confirmed,OAB59745.1,"Organism: Phormidium willei BDU 130791 | Strain: BDU 130791 | Db xref: taxon:399101 | Geo loc name: India: Kakinada, Andhra Pradesh | Lat lon: 16.97715343 N 82.28007674 E | Altitude: 0 m | Collection date: 26-Feb-1994 | Collected by: National Facility for Marine Cyanobacteria | Identified by: Dr. N. Thajuddin"
Nodularia spumigena CENA596,lactose transporter,lactose,lactose ABC transporter permease [Nodularia spumigena CENA596],🟢 Confirmed,KZL49711.1,"Organism: Nodularia spumigena CENA596 | Strain: CENA596 | Isolation source: shrimp pond | Db xref: taxon:1819295 | Geo loc name: Brazil: Praia do Cassino, Rio Grande, Rio Grande do Sul | Lat lon: 32.205278 S 52.178333 W | Collection date: 05-Dec-2013"
Nostoc piscinale CENA21,lactose transporter,lactose,lactose ABC transporter permease [Nostoc piscinale CENA21],🟢 Confirmed,ALF52291.1,"Organism: Nostoc piscinale CENA21 | Strain: CENA21 | Isolation source: Wet sediments | Db xref: taxon:224013 | Geo loc name: Brazil: Mari-Mari Island, Solimoes River, Amazon | Lat lon: 2.75 S 65.25 W | Collection date: 1985-08"
Scytonema hofmannii PCC 7110,lactose transporter,lactose,lactose ABC transporter permease [Scytonema hofmannii PCC 7110],🟢 Confirmed,KYC40837.1,Organism: Scytonema hofmannii PCC 7110 | Strain: PCC 7110 | Isolation source: a limestone cave | Culture collection: PCC:7110 | Type material: type strain of Scytonema hofmannii | Db xref: taxon:128403 | Geo loc name: Bermuda: Crystal Cave
Picosynechococcus sp. PCC 73109,lactose transporter,lactose,lactose ABC transporter permease [Picosynechococcus sp. PCC 73109],🟢 Confirmed,AMA07974.1,Organism: Picosynechococcus sp. PCC 73109 | Strain: PCC 73109 | Culture collection: PCC:73109 | Db xref: taxon:374982 | Geo loc name: USA: University Park | Collection date: 2010
Synechocystis sp. PCC 6803,lactose transporter,lactose,lactose ABC transporter permease [Synechocystis sp. PCC 6803],🟢 Confirmed,ALJ67107.1,Organism: Synechocystis sp. PCC 6803 | Strain: PCC 6803 | Sub strain: GT-G | Db xref: taxon:1148 | Geo loc name: China: Guangzhou | Collection date: 15-Mar-2013 | Note: derived from ATCC 27184
Cylindrospermopsis sp. CR12,lactose transporter,lactose,lactose ABC transporter permease [Cylindrospermopsis sp. CR12],🟢 Confirmed,KRH95982.1,Organism: Cylindrospermopsis sp. CR12 | Strain: CR12 | Isolation source: freshwater reservoir | Db xref: taxon:1747196 | Geo loc name: Singapore | Collection date: 2015
Hapalosiphon sp. MRB220,lactose transporter,lactose,lactose ABC transporter permease [Hapalosiphon sp. MRB220],🟢 Confirmed,KOP26546.1,Organism: Hapalosiphon sp. MRB220 | Strain: MRB220 | Isolation source: Freshwater reservoir | Db xref: taxon:1704290 | Geo loc name: Singapore | Lat lon: 1.2924791 N 103.8635056 E | Collection date: 2015
Limnoraphis robusta CS-951,lactose transporter,lactose,lactose ABC transporter permease [Limnoraphis robusta CS-951],🟢 Confirmed,KKD37781.1,Organism: Limnoraphis robusta CS-951 | Strain: CS-951 | Isolation source: brackish ditch | Culture collection: ANACC<AUS>:951 | Db xref: taxon:1637645 | Geo loc name: United Kingdom: near Great Yarmouth | Collection date: 1953
Synechococcus sp. GFB01,lactose transporter,lactose,lactose ABC transporter permease [Synechococcus sp. GFB01],🟢 Confirmed,KMM16624.1,Organism: Synechococcus sp. GFB01 | Strain: GFB01 | Isolation source: Lago dos Indios | Db xref: taxon:1662190
Candidatus Synechococcus spongiarum 142,lactose transporter,lactose,MAG: lactose ABC transporter permease [Candidatus Synechococcus spongiarum 142],🟢 Confirmed,KKZ14832.1,Organism: Candidatus Synechococcus spongiarum 142 | Isolate: 142 | Isolation source: sea water | Host: Ircinia variabilis | Db xref: taxon:1608213 | Environmental sample:  | Geo loc name: Israel: Achziv | Collection date: 01-May-2013 | Metagenome source: sponge metagenome | Note: metagenomic
Candidatus Synechococcus spongiarum SP3,lactose transporter,lactose,MAG: lactose ABC transporter permease [Candidatus Synechococcus spongiarum SP3],🟢 Confirmed,KKZ11993.1,Organism: Candidatus Synechococcus spongiarum SP3 | Isolate: SP3 | Isolation source: sea water | Host: Theonella swinhoei | Db xref: taxon:1604020 | Environmental sample:  | Geo loc name: Israel:Eillat | Lat lon: 29.4986 N 34.9150 E | Collection date: 2012-07-31 | Metagenome source: sponge metagenome | Note: metagenomic
Candidatus Synechococcus spongiarum 15L,lactose transporter,lactose,MAG: lactose ABC transporter permease [Candidatus Synechococcus spongiarum 15L],🟢 Confirmed,KKZ10936.1,Organism: Candidatus Synechococcus spongiarum 15L | Isolate: 15L | Isolation source: sea water | Host: Aplysina aerophoba | Db xref: taxon:1608419 | Environmental sample:  | Geo loc name: Slovenia: Piran | Collection date: 07-May-2013 | Metagenome source: sponge metagenome | Note: metagenomic
Calothrix sp. 336/3,lactose transporter,lactose,lactose ABC transporter permease [Calothrix sp. 336/3],🟢 Confirmed,AKG21054.1,Organism: Calothrix sp. 336/3 | Strain: 336/3 | Isolation source: water | Db xref: taxon:1337936 | Geo loc name: Finland: Enajarvi | Lat lon: 60.34 N 24.40 E | Collection date: 2009
Aliterella atlantica CENA595,lactose transporter,lactose,lactose ABC transporter permease [Aliterella atlantica CENA595],🟢 Confirmed,KJH69849.1,Organism: Aliterella atlantica CENA595 | Strain: CENA595 | Isolation source: sea water column at depth of maximum chlorophyll layer | Type material: type strain of Aliterella atlantica | Db xref: taxon:1618023 | Geo loc name: Brazil: continental shelf of Atlantic Ocean's Brazilian shore | Lat lon: 25.2599 S 45.1278 W | Altitude: -107 m | Collection date: Nov-2012 | Collected by: Janaina Rigonato
Prochlorococcus marinus str. MIT 9313,lactose transporter,lactose,putative lactose transporter [Prochlorococcus marinus str. MIT 9313],🟡 Probable/Hypothetical,CAE20843.1,Organism: Prochlorococcus marinus str. MIT 9313 | Strain: MIT9313 | Db xref: taxon:74547
Synechococcus elongatus UTEX 2973,lactose transporter,lactose,lactose ABC transporter permease [Synechococcus elongatus UTEX 2973],🟢 Confirmed,AJD56400.1,Organism: Synechococcus elongatus UTEX 2973 | Strain: UTEX 2973 | Culture collection: UTEX:2973 | Db xref: taxon:1350461
Aphanizomenon flos-aquae 2012/KM1/D3,lactose transporter,lactose,lactose ABC transporter permease [Aphanizomenon flos-aquae 2012/KM1/D3],🟢 Confirmed,KHG42556.1,"Organism: Aphanizomenon flos-aquae 2012/KM1/D3 | Strain: 2012/KM1/D3 | Isolation source: Lagoon | Db xref: taxon:1532906 | Geo loc name: Lithuania: Curonian Lagoon | Lat lon: 55.32 N 21.08 E | Collection date: 21-Aug-2012 | Collected by: Sigitas Sulcius, Ricardas Paskauskas | Identified by: Judita Koreiviene"
Aphanizomenon flos-aquae 2012/KM1/D3,lactose transporter,lactose,lactose ABC transporter permease [Aphanizomenon flos-aquae 2012/KM1/D3],🟢 Confirmed,KHG39453.1,"Organism: Aphanizomenon flos-aquae 2012/KM1/D3 | Strain: 2012/KM1/D3 | Isolation source: Lagoon | Db xref: taxon:1532906 | Geo loc name: Lithuania: Curonian Lagoon | Lat lon: 55.32 N 21.08 E | Collection date: 21-Aug-2012 | Collected by: Sigitas Sulcius, Ricardas Paskauskas | Identified by: Judita Koreiviene"
Neosynechococcus sphagnicola sy1,lactose transporter,lactose,lactose ABC transporter permease [Neosynechococcus sphagnicola sy1],🟢 Confirmed,KGF73937.1,Organism: Neosynechococcus sphagnicola sy1 | Strain: CAUP A 1101 | Isolation source: Peat moss | Type material: type strain of Neosynechococcus sphagnicola | Db xref: taxon:1497020 | Geo loc name: Slovakia | Lat lon: 49.416667 N 19.483333 E | Collection date: Nov-2010 | Collected by: Hindak
Synechococcus sp. KORDI-52,lactose transporter,lactose,lactose ABC transporter permease [Synechococcus sp. KORDI-52],🟢 Confirmed,AII49314.1,Organism: Synechococcus sp. KORDI-52 | Strain: KORDI-52 | Isolation source: seawater | Db xref: taxon:585425 | Geo loc name: South Korea: East China Sea | Collection date: May-2005
Synechococcus sp. KORDI-52,lactose transporter,lactose,lactose ABC transporter permease [Synechococcus sp. KORDI-52],🟢 Confirmed,AII48809.1,Organism: Synechococcus sp. KORDI-52 | Strain: KORDI-52 | Isolation source: seawater | Db xref: taxon:585425 | Geo loc name: South Korea: East China Sea | Collection date: May-2005
Synechococcus sp. KORDI-49,lactose transporter,lactose,lactose ABC transporter permease [Synechococcus sp. KORDI-49],🟢 Confirmed,AII45787.1,Organism: Synechococcus sp. KORDI-49 | Strain: KORDI-49 | Isolation source: seawater | Db xref: taxon:585423 | Geo loc name: South Korea: East China Sea | Collection date: Mar-2004
Synechococcus sp. KORDI-49,lactose transporter,lactose,lactose ABC transporter permease [Synechococcus sp. KORDI-49],🟢 Confirmed,AII45187.1,Organism: Synechococcus sp. KORDI-49 | Strain: KORDI-49 | Isolation source: seawater | Db xref: taxon:585423 | Geo loc name: South Korea: East China Sea | Collection date: Mar-2004
Synechococcus sp. KORDI-100,lactose transporter,lactose,lactose ABC transporter permease [Synechococcus sp. KORDI-100],🟢 Confirmed,AII43361.1,Organism: Synechococcus sp. KORDI-100 | Strain: KORDI-100 | Isolation source: seawater | Db xref: taxon:1280380 | Geo loc name: Pacific Ocean | Collection date: Sep-2007
Synechococcus sp. KORDI-100,lactose transporter,lactose,lactose ABC transporter permease [Synechococcus sp. KORDI-100],🟢 Confirmed,AII42891.1,Organism: Synechococcus sp. KORDI-100 | Strain: KORDI-100 | Isolation source: seawater | Db xref: taxon:1280380 | Geo loc name: Pacific Ocean | Collection date: Sep-2007
Limnospira platensis str. Paraca,lactose transporter,lactose,lactose ABC transporter permease [Limnospira platensis str. Paraca],🟢 Confirmed,KDR57674.1,Organism: Limnospira platensis str. Paraca | Strain: Paraca | Isolate: UASWS | Isolation source: pure sub-culture from non-axenic industrial culture provided by Biorigin | Db xref: taxon:634502 | Geo loc name: Switzerland | Collection date: 2009
Prochlorococcus marinus str. MIT 9303,lactose transporter,lactose,putative lactose transporter [Prochlorococcus marinus str. MIT 9303],🟡 Probable/Hypothetical,ABM78300.1,Organism: Prochlorococcus marinus str. MIT 9303 | Strain: MIT 9303 | Db xref: taxon:59922
Leptolyngbya sp. Heron Island J,lactose transporter,lactose,lactose abc transporter permease [Leptolyngbya sp. Heron Island J],🟢 Confirmed,ESA33769.1,Organism: Leptolyngbya sp. Heron Island J | Strain: Heron Island J | Db xref: taxon:1385935 | Geo loc name: Australia: Heron Island
Leptolyngbya sp. Heron Island J,lactose transporter,lactose,lactose abc transporter permease [Leptolyngbya sp. Heron Island J],🟢 Confirmed,ESA33092.1,Organism: Leptolyngbya sp. Heron Island J | Strain: Heron Island J | Db xref: taxon:1385935 | Geo loc name: Australia: Heron Island
Synechococcus sp. RS9916,lactose transporter,lactose,putative lactose transporter [Synechococcus sp. RS9916],🟡 Probable/Hypothetical,EAU73763.1,Organism: Synechococcus sp. RS9916 | Strain: RS9916 | Db xref: taxon:221359
Synechococcus sp. WH 7805,lactose transporter,lactose,putative lactose transporter [Synechococcus sp. WH 7805],🟡 Probable/Hypothetical,EAR18757.1,Organism: Synechococcus sp. WH 7805 | Strain: WH 7805 | Db xref: taxon:59931
Synechococcus sp. RS9917,lactose transporter,lactose,putative lactose transporter [Synechococcus sp. RS9917],🟡 Probable/Hypothetical,EAQ69230.1,Organism: Synechococcus sp. RS9917 | Strain: RS9917; RCC556 | Db xref: taxon:221360
Braarudosphaera bigelowii,lactose permease,lactose,lactose transport system permease protein LacF (nitroplast) [Braarudosphaera bigelowii],🟢 Confirmed,BDA39651.1,Organism: Braarudosphaera bigelowii | Organelle: nitroplast | Isolate: CPSB-1 | Isolation source: one of single-cell amplified genomes of the same seawater; single-cell genome amplified by MDA (multiple displacement amplification) | Db xref: taxon:373042 | Geo loc name: missing: data agreement established pre-2023 | Collection date: missing: data agreement established pre-2023 | Note: single amplified genome
Kamptonema sp. PCC 6506,lactose permease,lactose,Lactose transport system permease protein LacF [Kamptonema sp. PCC 6506],🟢 Confirmed,CAI7983949.1,Organism: Kamptonema sp. PCC 6506 | Strain: PCC 7926 | Db xref: taxon:272129 | Note: contig: NODE_84
Kamptonema sp. PCC 6506,lactose permease,lactose,Lactose transport system permease protein LacF [Kamptonema sp. PCC 6506],🟢 Confirmed,CAI7985670.1,Organism: Kamptonema sp. PCC 6506 | Strain: PCC 7926 | Db xref: taxon:272129 | Note: contig: NODE_212
Synechococcus sp. CBW1107,lactose permease,lactose,Lactose transport system permease protein LacF [Synechococcus sp. CBW1107],🟢 Confirmed,CAK6693960.1,Organism: Synechococcus sp. CBW1107 | Isolate: KAC_102 | Db xref: taxon:2789857 | Chromosome: 1
Synechococcus sp. CBW1107,lactose permease,lactose,Lactose transport system permease protein LacF [Synechococcus sp. CBW1107],🟢 Confirmed,CAK6687839.1,Organism: Synechococcus sp. CBW1107 | Isolate: KAC_106 | Db xref: taxon:2789857 | Chromosome: 1
Synechococcus sp. CBW1107,lactose permease,lactose,Lactose transport system permease protein LacF [Synechococcus sp. CBW1107],🟢 Confirmed,CAK6699031.1,Organism: Synechococcus sp. CBW1107 | Isolate: KAC_105 | Db xref: taxon:2789857 | Chromosome: 1
Cyanobium usitatum str. Tous,lactose permease,lactose,Lactose transport system permease protein LacF [Cyanobium usitatum str. Tous],🟢 Confirmed,CAK6690881.1,Organism: Cyanobium usitatum str. Tous | Strain: Tous | Isolate: KAC_108 | Type material: type strain of Cyanobium usitatum | Db xref: taxon:2116684 | Chromosome: 1
Synechococcus sp. CBW1107,lactose permease,lactose,Lactose transport system permease protein LacF [Synechococcus sp. CBW1107],🟢 Confirmed,CAK6689060.1,Organism: Synechococcus sp. CBW1107 | Isolate: KAC_114 | Db xref: taxon:2789857 | Chromosome: 1
Prochlorococcus marinus str. MIT 9215,lactose permease,lactose,MAG: Lactose transport system permease protein LacF [Prochlorococcus marinus str. MIT 9215],🟢 Confirmed,CAI8165094.1,Organism: Prochlorococcus marinus str. MIT 9215 | Strain: MIT 9215 | Isolate: bin.404 MAG | Isolation source: North Pacific | Db xref: taxon:93060 | Environmental sample:  | Metagenome source: marine metagenome | Note: contig: k119_3174466; metagenomic
Synechococcus sp. CC9902,lactose permease,lactose,MAG: Lactose transport system permease protein LacF [Synechococcus sp. CC9902],🟢 Confirmed,CAI8155261.1,Organism: Synechococcus sp. CC9902 | Isolate: bin.294 MAG | Isolation source: North Pacific | Db xref: taxon:316279 | Environmental sample:  | Metagenome source: marine metagenome | Note: contig: k119_2997329; metagenomic
Prochlorococcus marinus str. MIT 9313,lactose permease,lactose,MAG: Lactose transport system permease protein LacF [Prochlorococcus marinus str. MIT 9313],🟢 Confirmed,CAI8252186.1,Organism: Prochlorococcus marinus str. MIT 9313 | Strain: MIT 9313 | Isolate: bin.192 MAG | Isolation source: North Atlantic | Db xref: taxon:74547 | Environmental sample:  | Metagenome source: marine metagenome | Note: contig: k119_5642379; metagenomic
Synechococcus sp. MIT S9220,lactose permease,lactose,MAG: Lactose transport system permease protein LacF [Synechococcus sp. MIT S9220],🟢 Confirmed,CAI8322503.1,Organism: Synechococcus sp. MIT S9220 | Isolate: bin.920 MAG | Isolation source: North Pacific | Db xref: taxon:166309 | Environmental sample:  | Metagenome source: marine metagenome | Note: contig: k119_2320738; metagenomic
Chondrocystis sp. NIES-4102,lactose permease,lactose,lactose transport system permease protein LacG [Chondrocystis sp. NIES-4102],🟢 Confirmed,BAZ43176.1,Organism: Chondrocystis sp. NIES-4102 | Strain: NIES-4102 | Culture collection: NIES:4102 | Db xref: taxon:2005460
Leptolyngbya boryana NIES-2135,lactose permease,lactose,lactose transport system permease protein LacG [Leptolyngbya boryana NIES-2135],🟢 Confirmed,BAY54439.1,Organism: Leptolyngbya boryana NIES-2135 | Strain: NIES-2135 | Culture collection: NIES:2135 | Db xref: taxon:1973484
Synechococcus sp. CC9605,lactose permease,lactose,lactose transport system permease protein [Synechococcus sp. CC9605],🟢 Confirmed,ABB35203.1,Organism: Synechococcus sp. CC9605 | Strain: CC9605 | Db xref: taxon:110662
Planktothrix tepida,lactose permease,lactose,Lactose transport system permease protein LacF [Planktothrix tepida],🟢 Confirmed,CAD5975128.1,Organism: Planktothrix tepida | Strain: PCC9214 | Type material: type strain of Planktothrix tepida | Db xref: taxon:1678309 | Chromosome: I
Planktothrix pseudagardhii,lactose permease,lactose,Lactose transport system permease protein LacF [Planktothrix pseudagardhii],🟢 Confirmed,CAD5934914.1,Organism: Planktothrix pseudagardhii | Strain: No.713 | Db xref: taxon:132604 | Chromosome: I
Nodularia sphaerocarpa UHCC 0038,lactose permease,lactose,Lactose transport system permease protein LacF [Nodularia sphaerocarpa UHCC 0038],🟢 Confirmed,ULP74397.1,Organism: Nodularia sphaerocarpa UHCC 0038 | Strain: UHCC 0038 | Isolation source: Brackish water | Db xref: taxon:2761619 | Geo loc name: Baltic Sea | Collection date: 1978
Nodularia sphaerocarpa UHCC 0038,lactose permease,lactose,Lactose transport system permease protein LacF [Nodularia sphaerocarpa UHCC 0038],🟢 Confirmed,ULP74326.1,Organism: Nodularia sphaerocarpa UHCC 0038 | Strain: UHCC 0038 | Isolation source: Brackish water | Db xref: taxon:2761619 | Geo loc name: Baltic Sea | Collection date: 1978
Nodularia sphaerocarpa UHCC 0038,lactose permease,lactose,Lactose transport system permease protein LacF [Nodularia sphaerocarpa UHCC 0038],🟢 Confirmed,ULP73506.1,Organism: Nodularia sphaerocarpa UHCC 0038 | Strain: UHCC 0038 | Isolation source: Brackish water | Db xref: taxon:2761619 | Geo loc name: Baltic Sea | Collection date: 1978
Cyanobium sp. NIES-981,lactose permease,lactose,Lactose transport system permease protein [Cyanobium sp. NIES-981],🟢 Confirmed,SBO42155.1,Organism: Cyanobium sp. NIES-981 | Strain: NIES-981 | Db xref: taxon:1851505 | Chromosome: I
Pseudanabaena sp. ABRG5-3,lactose permease,lactose,lactose transport system permease protein [Pseudanabaena sp. ABRG5-3],🟢 Confirmed,BBC25080.1,"Organism: Pseudanabaena sp. ABRG5-3 | Strain: ABRG5-3 | Isolation source: Pond | Db xref: taxon:685565 | Geo loc name: Japan:Shizuoka, Atami | Collection date: 2007-08-08 | Collected by: Asayama Munehiko"
Dolichospermum sp. UHCC 0315A,lactose permease,lactose,Lactose transport system permease protein LacF [Dolichospermum sp. UHCC 0315A],🟢 Confirmed,QEI43514.1,Organism: Dolichospermum sp. UHCC 0315A | Strain: UHCC 0315A | Isolation source: Gulf of Finland | Db xref: taxon:1914871 | Geo loc name: Finland: Helsinki | Collection date: 2015-01-13
Dolichospermum sp. UHCC 0315A,lactose permease,lactose,Lactose transport system permease protein LacF [Dolichospermum sp. UHCC 0315A],🟢 Confirmed,QEI42128.1,Organism: Dolichospermum sp. UHCC 0315A | Strain: UHCC 0315A | Isolation source: Gulf of Finland | Db xref: taxon:1914871 | Geo loc name: Finland: Helsinki | Collection date: 2015-01-13
Halomicronema hongdechloris C2206,lactose permease,lactose,Lactose transport system permease protein LacF [Halomicronema hongdechloris C2206],🟢 Confirmed,ASC69690.1,Organism: Halomicronema hongdechloris C2206 | Strain: C2206 | Isolation source: Stomatolites grown in far red light (720nm) | Type material: reference strain of Halomicronema hongdechloris | Db xref: taxon:1641165 | Geo loc name: Australia: Shark Bay WA | Collection date: 2009 | Collected by: Brett A. Neilan
Acaryochloris thomasi RCC1774,lactose permease,lactose,Lactose transport system permease protein LacF [Acaryochloris thomasi RCC1774],🟢 Confirmed,PZD74673.1,"Organism: Acaryochloris thomasi RCC1774 | Strain: RCC1774 | Isolation source: seawater sample | Culture collection: RCC:1774 | Type material: isotype of Acaryochloris thomasi, reference strain of Acaryochloris thomasi | Db xref: taxon:1764569 | Geo loc name: France: North of Ile Verte near the Roscoff Marine Station | Lat lon: 48.732 N 3.987 W | Collection date: 15-Feb-1975 | Collected by: Thomas JC | Identified by: Partensky F, Six C, Ratin M, Garczarek L, Vaulot D"
Acaryochloris thomasi RCC1774,lactose permease,lactose,Lactose transport system permease protein LacF [Acaryochloris thomasi RCC1774],🟢 Confirmed,PZD74638.1,"Organism: Acaryochloris thomasi RCC1774 | Strain: RCC1774 | Isolation source: seawater sample | Culture collection: RCC:1774 | Type material: isotype of Acaryochloris thomasi, reference strain of Acaryochloris thomasi | Db xref: taxon:1764569 | Geo loc name: France: North of Ile Verte near the Roscoff Marine Station | Lat lon: 48.732 N 3.987 W | Collection date: 15-Feb-1975 | Collected by: Thomas JC | Identified by: Partensky F, Six C, Ratin M, Garczarek L, Vaulot D"
Nodularia spumigena UHCC 0039,lactose permease,lactose,lactose transport system permease protein LacF [Nodularia spumigena UHCC 0039],🟢 Confirmed,AVZ29858.1,Organism: Nodularia spumigena UHCC 0039 | Strain: UHCC 0039 | Isolation source: Gulf of Finland | Db xref: taxon:1914872 | Geo loc name: Finland: Helsinki | Collection date: 2015-01-13
[Synechococcus] sp. NIES-970,lactose permease,lactose,lactose transport system permease protein LacG [[Synechococcus] sp. NIES-970],🟢 Confirmed,BAW96450.1,Organism: [Synechococcus] sp. NIES-970 | Strain: NIES-970 | Db xref: taxon:1827144
Synechocystis sp. PCC 6803 substr. PCC-P,lactose permease,lactose,lactose transport system permease protein LacG [Synechocystis sp. PCC 6803 substr. PCC-P],🟢 Confirmed,BAL35422.1,Organism: Synechocystis sp. PCC 6803 substr. PCC-P | Sub strain: PCC-P | Db xref: taxon:1080230
Synechocystis sp. PCC 6803 substr. PCC-P,lactose permease,lactose,lactose transport system permease protein LacF [Synechocystis sp. PCC 6803 substr. PCC-P],🟢 Confirmed,BAL34894.1,Organism: Synechocystis sp. PCC 6803 substr. PCC-P | Sub strain: PCC-P | Db xref: taxon:1080230
Synechocystis sp. PCC 6803 substr. PCC-N,lactose permease,lactose,lactose transport system permease protein LacG [Synechocystis sp. PCC 6803 substr. PCC-N],🟢 Confirmed,BAL32253.1,Organism: Synechocystis sp. PCC 6803 substr. PCC-N | Sub strain: PCC-N | Db xref: taxon:1080229
Synechocystis sp. PCC 6803 substr. PCC-N,lactose permease,lactose,lactose transport system permease protein LacF [Synechocystis sp. PCC 6803 substr. PCC-N],🟢 Confirmed,BAL31725.1,Organism: Synechocystis sp. PCC 6803 substr. PCC-N | Sub strain: PCC-N | Db xref: taxon:1080229
Synechocystis sp. PCC 6803 substr. GT-I,lactose permease,lactose,lactose transport system permease protein LacG [Synechocystis sp. PCC 6803 substr. GT-I],🟢 Confirmed,BAL29084.1,Organism: Synechocystis sp. PCC 6803 substr. GT-I | Sub strain: GT-I | Db xref: taxon:1080228
Synechocystis sp. PCC 6803 substr. GT-I,lactose permease,lactose,lactose transport system permease protein LacF [Synechocystis sp. PCC 6803 substr. GT-I],🟢 Confirmed,BAL28556.1,Organism: Synechocystis sp. PCC 6803 substr. GT-I | Sub strain: GT-I | Db xref: taxon:1080228
Synechocystis sp. PCC 6803,lactose permease,lactose,lactose transport system permease protein LacG [Synechocystis sp. PCC 6803],🟢 Confirmed,BAK50085.1,Organism: Synechocystis sp. PCC 6803 | Strain: GT-S | Db xref: taxon:1148
Synechocystis sp. PCC 6803,lactose permease,lactose,lactose transport system permease protein LacF [Synechocystis sp. PCC 6803],🟢 Confirmed,BAK49557.1,Organism: Synechocystis sp. PCC 6803 | Strain: GT-S | Db xref: taxon:1148
Synechocystis sp. PCC 6803,lactose permease,lactose,lactose transport system permease protein; LacG [Synechocystis sp. PCC 6803],🟢 Confirmed,BAA17913.1,Organism: Synechocystis sp. PCC 6803 | Strain: PCC 6803 | Db xref: taxon:1148 | Note: synonym:Synechocystis PCC6803
Synechocystis sp. PCC 6803,lactose permease,lactose,lactose transport system permease protein; LacF [Synechocystis sp. PCC 6803],🟢 Confirmed,BAA17383.1,Organism: Synechocystis sp. PCC 6803 | Strain: PCC 6803 | Db xref: taxon:1148 | Note: synonym:Synechocystis PCC6803
Synechococcus sp. MIT S9509,lactose permease,lactose,Lactose transport system permease protein LacF [Synechococcus sp. MIT S9509],🟢 Confirmed,KZR92290.1,Organism: Synechococcus sp. MIT S9509 | Strain: MIT S9509 | Isolation source: ocean water | Db xref: taxon:1801630 | Lat lon: 4.6 S 105 W | Collection date: 09-Jun-1995
Synechococcus sp. MIT S9508,lactose permease,lactose,Lactose transport system permease protein LacF [Synechococcus sp. MIT S9508],🟢 Confirmed,KZR89690.1,Organism: Synechococcus sp. MIT S9508 | Strain: MIT S9508 | Isolation source: ocean water | Db xref: taxon:1801629 | Lat lon: 4.6 S 105 W | Collection date: 09-Jun-1995
Synechococcus sp. MIT S9504,lactose permease,lactose,Lactose transport system permease protein LacF [Synechococcus sp. MIT S9504],🟢 Confirmed,KZR87924.1,Organism: Synechococcus sp. MIT S9504 | Strain: MIT S9504 | Isolation source: ocean water | Db xref: taxon:1801628 | Lat lon: 4.6 S 105 W | Collection date: 31-May-1995
Prochlorococcus marinus str. MIT 1342,lactose permease,lactose,Lactose transport system permease protein LacF [Prochlorococcus marinus str. MIT 1342],🟢 Confirmed,KZR81258.1,Organism: Prochlorococcus marinus str. MIT 1342 | Strain: MIT 1342 | Isolation source: ocean water | Db xref: taxon:1801627 | Lat lon: 22.75 N 158 W | Collection date: 05-Jun-2013
Prochlorococcus marinus str. MIT 1327,lactose permease,lactose,Lactose transport system permease protein LacF [Prochlorococcus marinus str. MIT 1327],🟢 Confirmed,KZR79641.1,Organism: Prochlorococcus marinus str. MIT 1327 | Strain: MIT 1327 | Isolation source: ocean water | Db xref: taxon:1801626 | Lat lon: 22.75 N 158 W | Collection date: 05-Jun-2013
Prochlorococcus marinus str. MIT 1320,lactose permease,lactose,Lactose transport system permease protein LacF [Prochlorococcus marinus str. MIT 1320],🟢 Confirmed,KZR76106.1,Organism: Prochlorococcus marinus str. MIT 1320 | Strain: MIT 1320 | Isolation source: ocean water | Db xref: taxon:1801623 | Lat lon: 22.75 N 158 W | Collection date: 05-Jun-2013
Prochlorococcus marinus str. MIT 1323,lactose permease,lactose,Lactose transport system permease protein LacF [Prochlorococcus marinus str. MIT 1323],🟢 Confirmed,KZR75416.1,Organism: Prochlorococcus marinus str. MIT 1323 | Strain: MIT 1323 | Isolation source: ocean water | Db xref: taxon:1801625 | Lat lon: 22.75 N 158 W | Collection date: 05-Jun-2013
Prochlorococcus marinus str. MIT 1318,lactose permease,lactose,Lactose transport system permease protein LacF [Prochlorococcus marinus str. MIT 1318],🟢 Confirmed,KZR71753.1,Organism: Prochlorococcus marinus str. MIT 1318 | Strain: MIT 1318 | Isolation source: ocean water | Db xref: taxon:1801622 | Lat lon: 22.75 N 158 W | Collection date: 05-Jun-2013
Prochlorococcus marinus str. MIT 1313,lactose permease,lactose,Lactose transport system permease protein LacF [Prochlorococcus marinus str. MIT 1313],🟢 Confirmed,KZR69229.1,Organism: Prochlorococcus marinus str. MIT 1313 | Strain: MIT 1313 | Isolation source: ocean water | Db xref: taxon:1801624 | Lat lon: 22.75 N 158 W | Collection date: 05-Jun-2013
Prochlorococcus sp. MIT 1303,lactose permease,lactose,Lactose transport system permease protein LacF [Prochlorococcus sp. MIT 1303],🟢 Confirmed,KZR66577.1,Organism: Prochlorococcus sp. MIT 1303 | Strain: MIT 1303 | Isolation source: ocean water | Db xref: taxon:1723647 | Lat lon: 22.75 N 158 W | Collection date: 05-Jun-2013
Prochlorococcus sp. MIT 1306,lactose permease,lactose,Lactose transport system permease protein LacF [Prochlorococcus sp. MIT 1306],🟢 Confirmed,KZR64143.1,Organism: Prochlorococcus sp. MIT 1306 | Strain: MIT 1306 | Isolation source: ocean water | Db xref: taxon:1799667 | Lat lon: 22.75 N 158 W | Collection date: 05-Jun-2013
Prochlorococcus marinus str. MIT 1312,lactose permease,lactose,Lactose transport system permease protein LacF [Prochlorococcus marinus str. MIT 1312],🟢 Confirmed,KZR60787.1,Organism: Prochlorococcus marinus str. MIT 1312 | Strain: MIT 1312 | Isolation source: ocean water | Db xref: taxon:1801621 | Lat lon: 22.75 N 158 W | Collection date: 05-Jun-2013
Leptolyngbya sp. O-77,lactose permease,lactose,Lactose transport system permease protein LacF [Leptolyngbya sp. O-77],🟢 Confirmed,BAU44545.1,Organism: Leptolyngbya sp. O-77 | Strain: O-77 | Db xref: taxon:1080068
Leptolyngbya sp. O-77,lactose permease,lactose,Lactose transport system permease protein LacF [Leptolyngbya sp. O-77],🟢 Confirmed,BAU43551.1,Organism: Leptolyngbya sp. O-77 | Strain: O-77 | Db xref: taxon:1080068
Leptolyngbya sp. NIES-3755,lactose permease,lactose,lactose transport system permease protein LacG [Leptolyngbya sp. NIES-3755],🟢 Confirmed,BAU11147.1,Organism: Leptolyngbya sp. NIES-3755 | Strain: NIES-3755 | Db xref: taxon:1752064
Cyanobium sp. PCC 7001,lactose permease,lactose,lactose transport system permease protein [Cyanobium sp. PCC 7001],🟢 Confirmed,EDY39748.1,Organism: Cyanobium sp. PCC 7001 | Strain: PCC 7001 | Db xref: taxon:180281
Parasynechococcus marenigrum WH 8102,lactose permease,lactose,lactose transport system permease protein [Parasynechococcus marenigrum WH 8102],🟢 Confirmed,CAE07824.1,Organism: Parasynechococcus marenigrum WH 8102 | Strain: WH 8102 | Type material: reference strain of Parasynechococcus marenigrum | Db xref: taxon:84588
Synechocystis sp. PCC 6803,lactose permease,lactose,lactose transport system permease protein LacG [Synechocystis sp. PCC 6803],🟢 Confirmed,AGF51601.1,Organism: Synechocystis sp. PCC 6803 | Strain: PCC 6803 | Db xref: taxon:1148 | Note: Moscow wildtype genome
Synechocystis sp. PCC 6803,lactose permease,lactose,lactose transport system permease protein LacF [Synechocystis sp. PCC 6803],🟢 Confirmed,AGF51072.1,Organism: Synechocystis sp. PCC 6803 | Strain: PCC 6803 | Db xref: taxon:1148 | Note: Moscow wildtype genome
Synechococcus sp. CC9311,lactose permease,lactose,lactose transport system permease protein [Synechococcus sp. CC9311],🟢 Confirmed,ABI45511.1,Organism: Synechococcus sp. CC9311 | Strain: CC9311 | Isolation source: edge of California current after nitrate enrichment and low light incubation | Db xref: taxon:64471
Synechococcus sp. CC9902,lactose permease,lactose,lactose transport system permease protein [Synechococcus sp. CC9902],🟢 Confirmed,ABB26015.1,Organism: Synechococcus sp. CC9902 | Strain: CC9902 | Db xref: taxon:316279
Synechococcus sp. WH 8109,lactose permease,lactose,lactose transport system permease protein [Synechococcus sp. WH 8109],🟢 Confirmed,AHF63591.1,Organism: Synechococcus sp. WH 8109 | Strain: WH 8109 | Isolation source: Sargasso Sea | Db xref: taxon:166314
Picosynechococcus sp. PCC 7002,lactose permease,lactose,lactose transport system permease protein LacG [Picosynechococcus sp. PCC 7002],🟢 Confirmed,ACA99253.1,"Organism: Picosynechococcus sp. PCC 7002 | Strain: PCC 7002; ATCC 27264 | Db xref: ATCC:27264, taxon:32049"
Crocosphaera watsonii WH 0401,lactose permease,lactose,lactose transport system permease protein; LacF [Crocosphaera watsonii WH 0401],🟢 Confirmed,CCQ63046.1,Organism: Crocosphaera watsonii WH 0401 | Strain: WH 0401 | Db xref: taxon:555881 | Note: contig 00945
Crocosphaera watsonii WH 0402,lactose permease,lactose,lactose transport system permease protein; LacF [Crocosphaera watsonii WH 0402],🟢 Confirmed,CCQ67360.1,Organism: Crocosphaera watsonii WH 0402 | Strain: WH 0402 | Db xref: taxon:1284629 | Note: contig 01411
Synechococcus sp. BL107,lactose permease,lactose,lactose transport system permease protein [Synechococcus sp. BL107],🟢 Confirmed,EAU71651.1,Organism: Synechococcus sp. BL107 | Strain: BL107 | Db xref: taxon:313625
Crocosphaera chwakensis CCY0110,lactose permease,lactose,lactose transport system permease protein; LacG [Crocosphaera chwakensis CCY0110],🟢 Confirmed,EAZ94150.1,Organism: Crocosphaera chwakensis CCY0110 | Strain: CCY0110 | Type material: reference strain of Crocosphaera chwakensis | Db xref: taxon:391612
Crocosphaera chwakensis CCY0110,lactose permease,lactose,lactose transport system permease protein; LacF [Crocosphaera chwakensis CCY0110],🟢 Confirmed,EAZ91561.1,Organism: Crocosphaera chwakensis CCY0110 | Strain: CCY0110 | Type material: reference strain of Crocosphaera chwakensis | Db xref: taxon:391612
Synechococcus sp. WH 5701,lactose permease,lactose,lactose transport system permease protein [Synechococcus sp. WH 5701],🟢 Confirmed,EAQ74590.1,Organism: Synechococcus sp. WH 5701 | Strain: WH 5701 | Db xref: taxon:69042
Nannochloropsis oceanica,sucrose transporter,sucrose,sucrose transporter [Nannochloropsis oceanica],🟢 Confirmed,GAB5029685.1,Organism: Nannochloropsis oceanica | Strain: NIES-2145 | Isolation source: sea water | Db xref: taxon:145522 | Geo loc name: Japan | Collection date: 2012-03
Durusdinium trenchii,sucrose transporter,sucrose,Sucrose transport protein SUT5 (Sucrose permease 5) (Sucrose transporter 5) (OsSUT5) (Sucrose-proton symporter 5) [Durusdinium trenchii],🟢 Confirmed,CAK9029438.1,Organism: Durusdinium trenchii | Db xref: taxon:1381693 | Note: contig: Dtrenchii_SCF082_s2138
Microchloropsis gaditana,sucrose transporter,sucrose,sucrose transporter [Microchloropsis gaditana],🟢 Confirmed,EWM29180.1,Organism: Microchloropsis gaditana | Strain: B-31 | Db xref: taxon:72520 | Geo loc name: Italy: Padova
Durusdinium trenchii,sucrose permease,sucrose,Sucrose transport protein SUC9 (Sucrose permease 9) (Sucrose-proton symporter 9) [Durusdinium trenchii],🟢 Confirmed,CAK9001609.1,Organism: Durusdinium trenchii | Db xref: taxon:1381693 | Note: contig: Dtrenchii_SCF082_s1350
Nannochloropsis oceanica,sucrose symporter,sucrose,sucrose proton symporter [Nannochloropsis oceanica],🟢 Confirmed,GAB5031050.1,Organism: Nannochloropsis oceanica | Strain: NIES-2145 | Isolation source: sea water | Db xref: taxon:145522 | Geo loc name: Japan | Collection date: 2012-03
Chroococcidiopsis cubana SAG 39.79,maltose transporter,maltose,maltose ABC transporter substrate-binding protein [Chroococcidiopsis cubana SAG 39.79],🟢 Confirmed,RUT11467.1,"Organism: Chroococcidiopsis cubana SAG 39.79 | Strain: SAG 39.79 | Culture collection: DSM:107010, PCC:7433 | Db xref: taxon:388085 | Geo loc name: Cuba: Pinar del Rio | Collection date: 1966"
Nostoc sp. 3335mG,maltose transporter,maltose,maltose ABC transporter permease [Nostoc sp. 3335mG],🟢 Confirmed,PXA97526.1,Organism: Nostoc sp. 3335mG | Strain: 3335mG | Isolation source: coralloid root | Host: Dioon edule | Db xref: taxon:2204170 | Geo loc name: Mexico: Queretaro | Lat lon: 21.466667 N 99.173611 W | Collection date: 2016-06-03
Geitlerinema sp. FC II,maltose transporter,maltose,putative maltose transporter malT [Geitlerinema sp. FC II],🟡 Probable/Hypothetical,PPT06632.1,Organism: Geitlerinema sp. FC II | Strain: FC II | Isolation source: Saline water | Db xref: taxon:2028210 | Geo loc name: India:Gujarat | Collection date: 2013-03 | Collected by: Reliance Industries Limited
Synechococcus sp. MIT S9509,maltose transporter,maltose,maltose ABC transporter periplasmic protein [Synechococcus sp. MIT S9509],🟢 Confirmed,KZR90125.1,Organism: Synechococcus sp. MIT S9509 | Strain: MIT S9509 | Isolation source: ocean water | Db xref: taxon:1801630 | Lat lon: 4.6 S 105 W | Collection date: 09-Jun-1995
Synechococcus sp. MIT S9504,maltose transporter,maltose,maltose ABC transporter periplasmic protein [Synechococcus sp. MIT S9504],🟢 Confirmed,KZR84933.1,Organism: Synechococcus sp. MIT S9504 | Strain: MIT S9504 | Isolation source: ocean water | Db xref: taxon:1801628 | Lat lon: 4.6 S 105 W | Collection date: 31-May-1995
Nostoc sp. 3335mG,cellobiose transporter,cellobiose,PTS cellobiose transporter [Nostoc sp. 3335mG],🟢 Confirmed,PXA85143.1,Organism: Nostoc sp. 3335mG | Strain: 3335mG | Isolation source: coralloid root | Host: Dioon edule | Db xref: taxon:2204170 | Geo loc name: Mexico: Queretaro | Lat lon: 21.466667 N 99.173611 W | Collection date: 2016-06-03
